timestamp,temperature,humidity,pressure,anomaly
2024-11-01 00:00:00,24.993428306022466,57.4558485814899,1023.967247751442,1
2024-11-01 00:10:00,23.72347139765763,72.50726158812338,1017.7785198555694,0
2024-11-01 00:20:00,25.295377076201383,58.25696910753949,1012.7160570205687,0
2024-11-01 00:30:00,27.04605971281605,66.22678907715735,1008.5478212352867,0
2024-11-01 00:40:00,23.531693250553328,62.92629309920692,1010.1785507364049,0
2024-11-01 00:50:00,23.53172608610164,63.22912224090422,1010.0364858852145,0
2024-11-01 01:00:00,27.158425631014783,68.32073877265785,1016.2761681425688,0
2024-11-01 01:10:00,25.534869458305817,72.1699314278265,1014.2849872279292,0
2024-11-01 01:20:00,23.061051228130097,81.87580638037701,1006.381752145789,0
2024-11-01 01:30:00,25.08512008717193,100.79260629360606,1010.8204926545478,0
2024-11-01 01:40:00,23.073164614375074,79.27165250979328,1017.3877377672571,0
2024-11-01 01:50:00,23.068540492859487,51.6669975550763,1014.7583117748703,0
2024-11-01 02:00:00,24.48392454313207,54.495015895110015,1015.8432230800638,0
2024-11-01 02:10:00,20.173439510684403,58.166390789677976,1014.9146085502863,0
2024-11-01 02:20:00,20.550164334973935,57.10840649563828,1021.1321536730443,0
2024-11-01 02:30:00,22.875424941518055,65.27276635158493,1014.1802153191219,0
2024-11-01 02:40:00,21.974337759331153,35.58886343571834,1011.0698860106465,0
2024-11-01 02:50:00,24.628494665190548,35.90456103843462,1008.4212247943321,0
2024-11-01 03:00:00,22.183951848957577,51.032974623918804,1014.2480472910486,0
2024-11-01 03:10:00,35.73924748620103,63.77840150034967,1000.7964799261246,1
2024-11-01 03:20:00,26.931297537843108,42.47481574715523,1012.0785549908364,0
2024-11-01 03:30:00,23.54844739902693,30.938941282449942,1011.9708007003933,0
2024-11-01 03:40:00,24.13505640937585,59.56943524975367,1006.1776457319136,0
2024-11-01 03:50:00,21.150503627573087,56.94925778962172,1008.35867080672,0
2024-11-01 04:00:00,22.911234550949636,46.27833274560456,1017.0482876507413,0
2024-11-01 04:10:00,24.22184517941973,47.11568319423256,1014.1535587453748,0
2024-11-01 04:20:00,21.698012845155393,47.2420502429226,1013.5089416685366,0
2024-11-01 04:30:00,24.751396036691343,55.88428253979152,1014.5317376696601,0
2024-11-01 04:40:00,22.79872262016239,49.98947779053594,1013.4631379397446,0
2024-11-01 04:50:00,23.416612500413446,58.952511351804155,1019.2143128142916,0
2024-11-01 05:00:00,22.796586775541208,32.162986696764875,1013.6171459085183,0
2024-11-01 05:10:00,27.704556369017876,48.145185078977605,1005.7089344309062,0
2024-11-01 05:20:00,23.97300555052413,45.9915683127116,1021.1506498243721,0
2024-11-01 05:30:00,21.8845781420882,52.94927457302006,1014.8517013366443,0
2024-11-01 05:40:00,25.645089824206377,50.69561793207889,1010.0537313460246,0
2024-11-01 05:50:00,21.558312700057954,61.382750239166135,1006.7329914085249,0
2024-11-01 06:00:00,24.41772719000951,40.12530582671954,1014.9795711047902,0
2024-11-01 06:10:00,20.08065975224045,55.363931810646015,1012.4141399751281,0
2024-11-01 06:20:00,21.34362790220314,59.46669138569364,1020.870733930162,0
2024-11-01 06:30:00,24.393722471738247,69.85317949249564,1011.2704635966659,0
2024-11-01 06:40:00,25.47693315999082,51.1458722312522,1008.8130960515876,0
2024-11-01 06:50:00,24.34273656237994,57.59566883482014,1017.4789810911797,0
2024-11-01 07:00:00,23.768703435223518,40.56909765950108,1017.6264094635842,0
2024-11-01 07:10:00,23.397792608821423,35.86435036549581,1013.8432568380509,0
2024-11-01 07:20:00,21.042956019265144,61.7581950062536,1016.3817852383745,0
2024-11-01 07:30:00,22.560311583210584,54.95551765081544,1012.8115643962888,0
2024-11-01 07:40:00,23.078722458080424,64.42810151838738,1014.1693255050462,0
2024-11-01 07:50:00,26.11424445243783,44.01277688824201,1018.8249544128196,0
2024-11-01 08:00:00,24.687236579136922,59.15921711623002,1016.1265916701075,0
2024-11-01 08:10:00,20.47391968927453,69.95054272435083,1012.1536278083369,0
2024-11-01 08:20:00,24.64816793878959,58.357644866858124,1019.7618127296307,0
2024-11-01 08:30:00,23.229835439167367,57.21265204472839,1001.1757231360424,0
2024-11-01 08:40:00,22.646155999388082,55.068448646594796,1023.2603665571097,0
2024-11-01 08:50:00,25.223352577681737,42.4329483429927,1004.4702045255464,0
2024-11-01 09:00:00,26.0619990449919,65.84458348568279,1009.8645358761386,0
2024-11-01 09:10:00,25.862560238232398,50.11313888155947,1012.7954123240247,0
2024-11-01 09:20:00,22.321564953554724,59.03586605106413,1012.2675966463592,0
2024-11-01 09:30:00,23.381575248297573,42.49572554742997,1018.0320552001327,0
2024-11-01 09:40:00,24.662526862807127,45.56432268393776,1007.7108169069488,0
2024-11-01 09:50:00,25.95109025424472,66.48069919377788,1014.3038340874153,0
2024-11-01 10:00:00,23.04165152430942,52.22158168833726,1010.1089395089012,0
2024-11-01 10:10:00,23.628682046672367,66.62620380834036,1014.475704896687,0
2024-11-01 10:20:00,21.787330051987944,54.37415472753186,1012.6761387010106,0
2024-11-01 10:30:00,21.60758675183866,40.26481781633714,1013.4646782634148,0
2024-11-01 10:40:00,25.625051644788396,62.13654079785376,1010.2503758376782,0
2024-11-01 10:50:00,26.712480057141647,50.28086145795514,1010.4496802495196,0
2024-11-01 11:00:00,23.855979756839332,60.58951050813635,1014.4363625701371,0
2024-11-01 11:10:00,26.007065795784047,55.201686940320656,1017.7185775287802,0
2024-11-01 11:20:00,24.723272050095268,42.655054176457035,1010.0086033290107,0
2024-11-01 11:30:00,22.70976049078975,56.31435812296455,1008.6561622771354,0
2024-11-01 11:40:00,24.722791211016826,72.5697851372224,1016.0673008283592,0
2024-11-01 11:50:00,27.07607313293194,58.943891668115675,1012.8374805347115,0
2024-11-01 12:00:00,23.928347921780098,54.539857975956295,1017.1524906699298,0
2024-11-01 12:10:00,27.129287311628012,63.602747215655185,1008.4710139331443,0
2024-11-01 12:20:00,18.76050979182051,56.685347721624886,1004.1028053728828,0
2024-11-01 12:30:00,25.643805008750448,56.676273842102354,1010.3349795908683,0
2024-11-01 12:40:00,24.17409413647634,46.26699862272718,1009.1682369536749,0
2024-11-01 12:50:00,23.401985299068265,56.870784206316785,1012.6060579995985,0
2024-11-01 13:00:00,24.183521553071003,63.283547331335555,1009.815773928648,0
2024-11-01 13:10:00,20.024862170798215,48.3115027831998,1016.7050847566823,0
2024-11-01 13:20:00,23.560656224324976,66.39596656997558,1011.5592486878875,0
2024-11-01 13:30:00,24.714225143023494,54.26635180683899,1013.7523724938695,0
2024-11-01 13:40:00,26.955788089483033,47.89784390769167,1013.7881727922047,0
2024-11-01 13:50:00,22.963459563452705,62.98105661536196,1013.974775462061,0
2024-11-01 14:00:00,22.383012794213624,52.705646114093845,1012.8793544477252,0
2024-11-01 14:10:00,22.996485912830927,61.076119099888864,1015.5530034520516,0
2024-11-01 14:20:00,25.83080423540415,52.665930941931705,1009.0217243308709,0
2024-11-01 14:30:00,24.65750221931937,54.52139085176077,1019.9970896332694,0
2024-11-01 14:40:00,22.940479592465923,58.94848163467433,1011.8173130831573,0
2024-11-01 14:50:00,25.02653486622671,57.32717646072005,1006.4422543105065,0
2024-11-01 15:00:00,24.19415509869608,39.03574575638609,1013.9403667849589,0
2024-11-01 15:10:00,25.937289981065778,46.030050079244866,1008.7440975877626,0
2024-11-01 15:20:00,22.595893812245293,62.435279878326526,1016.3266726725444,0
2024-11-01 15:30:00,23.344675706804463,53.94290728878762,1024.048027880212,0
2024-11-01 15:40:00,23.215783693735684,50.810149577828625,1009.0671395422107,0
2024-11-01 15:50:00,21.072970103735763,44.131407877940205,1014.6618616661199,0
2024-11-01 16:00:00,24.59224055412915,46.362109429793215,1004.2224720564768,0
2024-11-01 16:10:00,24.52211054435978,38.825610880304424,1015.2695261472068,0
2024-11-01 16:20:00,24.01022691328492,54.189754250387736,1008.5714310010015,0
2024-11-01 16:30:00,23.530825733249706,50.212499355351625,1009.8758269078276,0
2024-11-01 16:40:00,21.169258515899173,47.26729687211748,1007.4935675508009,0
2024-11-01 16:50:00,23.15870935446928,54.455012598656374,1016.6607561302736,0
2024-11-01 17:00:00,23.314570966946462,57.911765046821905,1018.0365217873663,0
2024-11-01 17:10:00,22.39544546155676,71.74558345767956,1013.1169260732926,0
2024-11-01 17:20:00,23.67742857666798,42.90493264349429,1008.6778664733214,0
2024-11-01 17:30:00,24.80810171362908,64.27504834640418,1020.9476151805193,0
2024-11-01 17:40:00,27.77237180242106,62.78481248812058,1009.2479493612267,0
2024-11-01 17:50:00,24.349155625663677,48.767258084986395,1002.1898385003628,0
2024-11-01 18:00:00,24.51510078144553,56.62588763668825,1015.2919450497853,0
2024-11-01 18:10:00,23.851108168467665,51.33893400529908,1007.4761266317925,0
2024-11-01 18:20:00,20.162457569401916,56.48550864334991,1017.9430439674959,0
2024-11-01 18:30:00,23.946972249101567,67.0730481072364,1011.094311516633,0
2024-11-01 18:40:00,24.120460419882054,59.844849861050506,1016.018566202721,0
2024-11-01 18:50:00,28.926484224970572,59.06886698586754,1020.0075017327608,0
2024-11-01 19:00:00,23.615278070437753,51.55752544036286,1006.9557056768964,0
2024-11-01 19:10:00,24.603094684667226,43.12754668060532,1010.1703143455379,0
2024-11-01 19:20:00,23.930576460589513,53.332254315676735,1012.6216446367147,0
2024-11-01 19:30:00,21.662643924760935,64.65286523891132,1020.6877565951717,0
2024-11-01 19:40:00,26.285645629030043,42.78265714728282,1009.7080864102978,0
2024-11-01 19:50:00,25.503866065373547,46.55928505458644,1010.0274815202549,0
2024-11-01 20:00:00,25.582063894086094,56.01014188987254,1015.3907028777791,0
2024-11-01 20:10:00,22.18122509041052,47.1227617212219,1010.1138563714471,0
2024-11-01 20:20:00,26.805588621872197,48.6598124230783,1013.7626294144881,0
2024-11-01 20:30:00,21.19629787441544,51.611211346174585,1005.2423128951593,0
2024-11-01 20:40:00,25.17371418760054,44.075060766478806,1024.071649712783,0
2024-11-01 20:50:00,28.380911251619956,47.20702523026905,1006.261453848453,0
2024-11-01 21:00:00,22.01892734973862,60.62742333429847,1011.391236480049,0
2024-11-01 21:10:00,22.867404540794457,44.54104174215229,1012.8375948207895,0
2024-11-01 21:20:00,24.199302730175283,42.2170229240413,1022.563440671784,0
2024-11-01 21:30:00,22.9930486917676,49.95980016372884,1006.3757710953363,0
2024-11-01 21:40:00,20.898673137867736,60.85564402007876,1022.9185206773938,0
2024-11-01 21:50:00,24.137125949612056,53.424625536024884,1016.7858841055101,0
2024-11-01 22:00:00,21.87539257254779,51.28335137507506,1015.0854766221162,0
2024-11-01 22:10:00,24.94718486127036,55.35487038012486,1008.0768315649102,0
2024-11-01 22:20:00,22.161151531532393,41.03434053712279,1015.8557062101904,0
2024-11-01 22:30:00,27.09986881003508,58.95764523020026,1009.382566887901,0
2024-11-01 22:40:00,22.433493415327526,58.067480251229156,1019.3333062659921,0
2024-11-01 22:50:00,23.35587696758865,51.72553220723423,1008.1446898544614,0
2024-11-01 23:00:00,25.62703443473934,63.04739609437134,1012.4342075277195,0
2024-11-01 23:10:00,21.53827136713209,45.98003120837569,1010.2236345599341,0
2024-11-01 23:20:00,24.454919869208258,64.02327194602856,1008.0623851878651,0
2024-11-01 23:30:00,26.614285508564855,56.23594932476201,1016.7065990845396,0
2024-11-01 23:40:00,20.785033530877545,52.307579280974615,1015.6772937370482,0
2024-11-01 23:50:00,24.36926771706461,54.84101091705351,1019.045050994505,0
2024-11-02 00:00:00,24.519765588496846,54.14188187351247,1004.1006244589591,0
2024-11-02 00:10:00,25.56364574355462,64.76226317134174,1018.3208535117052,0
2024-11-02 00:20:00,21.526098578243836,46.38656698023189,1025.5272445267844,0
2024-11-02 00:30:00,21.359086773831446,48.89984608682721,1010.7417945541152,0
2024-11-02 00:40:00,25.043883131233795,63.29042313657984,1022.4757430605448,0
2024-11-02 00:50:00,24.593969346466373,50.23572051852913,1011.6841936397009,0
2024-11-02 01:00:00,24.500985700691754,62.20426461865273,1006.1379513121934,0
2024-11-02 01:10:00,24.69289641899395,68.59548786406968,1011.471837787966,0
2024-11-02 01:20:00,22.63995055684302,51.78563978446693,1018.2410198383764,0
2024-11-02 01:30:00,24.464507394322005,60.450898612602444,1008.8091175883424,0
2024-11-02 01:40:00,24.58614494659736,45.77046174928113,1009.9983067049676,0
2024-11-02 01:50:00,22.571297163947264,61.037866384542475,1015.9676971614659,0
2024-11-02 02:00:00,27.731549022289514,56.59539188789414,1013.0153005836929,0
2024-11-02 02:10:00,24.947665841823575,58.78430625728172,1015.9231147624337,0
2024-11-02 02:20:00,21.617393005594703,49.83542342371684,1014.1891477037917,1
2024-11-02 02:30:00,25.31310721726766,44.71133267546262,1015.3981265977578,0
2024-11-02 02:40:00,22.050636659545358,65.02601651799604,1010.8384940709523,0
2024-11-02 02:50:00,25.574169207484903,47.49277478016437,1014.158654710152,0
2024-11-02 03:00:00,26.317191158014808,64.46119606205971,1008.3631349715204,0
2024-11-02 03:10:00,22.358635363296578,77.52945493135977,1019.4421681125169,1
2024-11-02 03:20:00,25.926752258488644,77.53518188698429,1009.8286264159134,0
2024-11-02 03:30:00,24.825561853872998,97.5867411583185,1018.6442374377469,0
2024-11-02 03:40:00,25.64412031998898,96.20087322065419,1011.8319651950857,0
2024-11-02 03:50:00,27.793585965307894,88.76881289339539,1014.0099950537866,0
2024-11-02 04:00:00,23.50922376799426,100.21850703881151,1010.5251772455465,0
2024-11-02 04:10:00,22.49252767128502,72.62103437964451,1007.9200228441598,0
2024-11-02 04:20:00,22.220971140748954,63.34258589323098,1004.2761980619734,0
2024-11-02 04:30:00,38.96868053636935,71.47680866812517,1007.7233792070377,1
2024-11-02 04:40:00,23.845796581171793,77.51391274416112,1011.3804557339204,0
2024-11-02 04:50:00,24.682303949633287,68.71023597715251,1014.0593958941445,0
2024-11-02 05:00:00,24.55338159866004,55.379947746013144,1018.0518965664163,0
2024-11-02 05:10:00,25.654366498072047,53.007425242775675,1010.7712127010158,0
2024-11-02 05:20:00,24.026003783755815,41.61684878950741,1008.5901961786641,0
2024-11-02 05:30:00,26.907068154314633,58.233702922218654,1005.7864260699864,0
2024-11-02 05:40:00,23.47068633352409,60.72698195752768,1015.4003180895205,0
2024-11-02 05:50:00,29.440338333179238,56.81627583091911,1019.9159725766467,0
2024-11-02 06:00:00,25.251334695530012,52.407454598328236,1019.3316513397814,0
2024-11-02 06:10:00,22.285684887167434,59.731537214014836,1016.5496637407362,0
2024-11-02 06:20:00,21.858215003877774,60.44176288381353,1016.192716586338,0
2024-11-02 06:30:00,24.96494483048637,57.459228557757505,1021.4881188985468,0
2024-11-02 06:40:00,23.5530744293483,48.40310199652191,1014.660407307084,0
2024-11-02 06:50:00,25.428000988184184,57.21280612408945,1016.2306483801209,0
2024-11-02 07:00:00,24.94647524914709,64.56384520660383,1011.39608069074,0
2024-11-02 07:10:00,23.854342174686256,50.226967531106155,1006.1897831457262,0
2024-11-02 07:20:00,22.30641256386319,71.78351471305945,1009.5807554975021,0
2024-11-02 07:30:00,20.97030555062827,50.79495252811692,1012.9542048073267,0
2024-11-02 07:40:00,23.106970095865957,55.25925610672109,1013.3039268625065,0
2024-11-02 07:50:00,43.05589425473299,49.62011523194931,1022.6314292742769,1
2024-11-02 08:00:00,24.42818748826041,56.78616668736208,1013.4063858379553,0
2024-11-02 08:10:00,21.508522442576023,41.0622264589178,1018.8942172201282,0
2024-11-02 08:20:00,24.346361851702365,50.63166560946623,1010.8246137921184,0
2024-11-02 08:30:00,24.770634759457675,46.263030397211466,1011.4416205711739,0
2024-11-02 08:40:00,37.24725608295837,56.08270678313833,1006.3549618138827,1
2024-11-02 08:50:00,24.307450211891055,62.95557900407126,1009.2883599356171,0
2024-11-02 09:00:00,24.116417436892,60.16804949691641,1015.6349069568188,0
2024-11-02 09:10:00,21.714059404338755,36.02672511312886,1013.0378009019706,0
2024-11-02 09:20:00,24.715574720696566,71.33655722342304,1017.7146930994861,0
2024-11-02 09:30:00,25.12156905273647,57.362239524966945,1013.9062697417253,0
2024-11-02 09:40:00,26.166102486350553,48.788006876055995,1011.2377313418112,0
2024-11-02 09:50:00,26.107604104069807,56.25702335192753,1023.7414843189348,0
2024-11-02 10:00:00,21.244661264085817,56.40951858002154,1012.5304821564348,0
2024-11-02 10:10:00,36.31935732228314,49.66521026438749,1018.8150048485265,1
2024-11-02 10:20:00,25.03007053441732,56.5833333387366,1010.9939539672766,0
2024-11-02 10:30:00,25.027571901824416,50.14022169903754,1016.5479973969178,0
2024-11-02 10:40:00,25.030095372612095,51.76510405847982,1017.6400782957585,0
2024-11-02 10:50:00,31.70546298130944,49.509766913959325,1014.0424598528779,0
2024-11-02 11:00:00,25.141781021386333,43.53862968208278,1001.227585386517,0
2024-11-02 11:10:00,26.271131280361196,56.16669176172307,1013.0912623042806,0
2024-11-02 11:20:00,25.908003526986406,59.6823954921307,1019.1523002387999,0
2024-11-02 11:30:00,25.302782502611596,59.11906876861098,1015.6374041651386,0
2024-11-02 11:40:00,23.369461510719308,61.55940202108187,1015.2291943761462,0
2024-11-02 11:50:00,25.517938440986534,57.594721680118944,1004.3887153302124,0
2024-11-02 12:00:00,22.454349570924855,50.73819601426477,1009.3977246466247,0
2024-11-02 12:10:00,23.526362786519982,61.71731091544951,1015.0567881557572,0
2024-11-02 12:20:00,23.02927290434179,44.13985968126452,1015.0519163839344,0
2024-11-02 12:30:00,24.163748278772644,47.79462893990016,1019.0733339006645,0
2024-11-02 12:40:00,28.629317133347016,47.28639942861404,1012.2756662242696,0
2024-11-02 12:50:00,20.265469614816503,63.64044847311448,1015.029120433369,0
2024-11-02 13:00:00,25.372520380749027,62.542308113120605,1013.0818712096565,0
2024-11-02 13:10:00,20.774568257620697,58.898441896359955,1008.0652863174922,0
2024-11-02 13:20:00,23.056136268421135,63.57543892169438,1001.7210433445263,0
2024-11-02 13:30:00,26.177901193934733,47.96573774070409,1015.1550484606504,1
2024-11-02 13:40:00,24.128560038190926,57.78876095888784,1015.1550484606504,0
2024-11-02 13:50:00,21.844510444141388,53.99860457293469,1015.1550484606504,0
2024-11-02 14:00:00,22.569392581480063,61.77505683107931,1015.1550484606504,0
2024-11-02 14:10:00,25.35919549786935,54.07820613958242,1015.1550484606504,0
2024-11-02 14:20:00,22.539266736565725,51.92045689271935,1015.1550484606504,0
2024-11-02 14:30:00,24.43291717916395,59.32726814848792,1015.7843736118407,0
2024-11-02 14:40:00,24.091143679807626,62.00935333752986,1022.3202426520588,0
2024-11-02 14:50:00,22.696799304788367,49.65323844122559,1002.2928455984015,1
2024-11-02 15:00:00,28.28788817865065,54.51139462918099,1002.2928455984015,0
2024-11-02 15:10:00,25.267838044636022,46.532474930866776,1002.2928455984015,0
2024-11-02 15:20:00,19.949714826684787,35.015511860056485,1002.2928455984015,0
2024-11-02 15:30:00,24.372908629538856,56.60367705130983,1002.2928455984015,0
2024-11-02 15:40:00,22.676427070463223,59.871242850037056,1002.2928455984015,0
2024-11-02 15:50:00,25.704866669592448,57.096534472693804,1013.6792795078314,0
2024-11-02 16:00:00,22.414958523134597,39.40350625796506,1012.5199966913307,0
2024-11-02 16:10:00,23.7705271170662,52.19320455938821,1012.0097011839055,0
2024-11-02 16:20:00,25.009974557960913,37.25321791959135,1010.8186848390999,0
2024-11-02 16:30:00,25.731510388340244,65.95760886123348,1018.2405837963457,0
2024-11-02 16:40:00,21.59940718588845,46.31156334305531,1007.6573962295878,0
2024-11-02 16:50:00,23.330997528318104,65.04322887567918,1014.7270709082193,0
2024-11-02 17:00:00,23.050109377678087,62.56695714947317,1011.0790916714651,1
2024-11-02 17:10:00,22.693341534852575,47.795277179711505,1011.0790916714651,0
2024-11-02 17:20:00,27.530908480562193,45.93772038985804,1011.0790916714651,0
2024-11-02 17:30:00,24.80996342192191,57.802961731090704,1011.0790916714651,0
2024-11-02 17:40:00,21.47823209132991,48.24540770253543,1011.0790916714651,0
2024-11-02 17:50:00,25.835723894109552,55.819877137265664,1011.0790916714651,0
2024-11-02 18:00:00,28.244312394025265,51.13737927354465,1005.8932502734073,0
2024-11-02 18:10:00,26.064930521102294,40.750732684274936,1021.7614595456101,0
2024-11-02 18:20:00,20.961260068091974,37.15625584700433,1000.4552141075246,0
2024-11-02 18:30:00,23.0315318542675,56.813473987956776,1009.1561679498074,0
2024-11-02 18:40:00,26.533822298373245,50.507538029355,1010.7048416341055,0
2024-11-02 18:50:00,22.58466106876244,50.57528146468694,1015.9086168248525,0
2024-11-02 19:00:00,24.887638856292458,60.566910712750285,1014.0935913307075,0
2024-11-02 19:10:00,25.549268106858673,64.38753821305956,1012.165926296508,0
2024-11-02 19:20:00,22.146139056843833,52.819642229105526,1012.9400132768614,0
2024-11-02 19:30:00,23.8809492878764,52.27521034472111,1008.1098848823872,0
2024-11-02 19:40:00,17.517465319861856,59.00114426491107,1005.5138380275791,0
2024-11-02 19:50:00,21.95122471733142,44.144515442403396,1016.6325581116803,0
2024-11-02 20:00:00,23.49486369721368,56.785224437981576,1016.4685305626809,0
2024-11-02 20:10:00,21.504433636070303,59.41508777457723,1020.9224718757853,0
2024-11-02 20:20:00,27.26482260786327,60.44184166734103,1009.049914515924,0
2024-11-02 20:30:00,21.139717244078735,39.50597837998028,1016.4640760515047,0
2024-11-02 20:40:00,23.119911026606033,48.909157841528476,1011.5814663581764,0
2024-11-02 20:50:00,24.261481154572184,47.97389397741227,1018.9523749259674,0
2024-11-02 21:00:00,26.88254657813223,55.7990956352737,1018.1098138833908,0
2024-11-02 21:10:00,21.128275697641122,58.845956638143875,1014.0560469961223,0
2024-11-02 21:20:00,45.48947624912178,66.97368325956785,1011.3023492166701,1
2024-11-02 21:30:00,24.020466122039174,51.040276157055416,1017.8046608930413,0
2024-11-02 21:40:00,22.036982697904097,51.019420013526286,1016.2345226162828,0
2024-11-02 21:50:00,24.924206948526543,64.19737615102997,1009.577797989569,0
2024-11-02 22:00:00,24.398119391146942,57.37261550824244,1006.3610066326029,0
2024-11-02 22:10:00,34.54467026959111,65.1412120895038,1011.557335496591,1
2024-11-02 22:20:00,24.13960416998004,57.309824024078694,1020.577069076741,0
2024-11-02 22:30:00,23.22937280627648,45.74306705029383,1018.7324357936652,0
2024-11-02 22:40:00,24.227034690502496,44.33497316177755,1007.4383626516471,0
2024-11-02 22:50:00,25.324261349042093,42.58790200752857,1007.1612129205004,0
2024-11-02 23:00:00,27.172033632290706,60.296414678067784,1019.3734192483975,0
2024-11-02 23:10:00,21.5243690023463,64.50877458469607,1007.3218204762109,0
2024-11-02 23:20:00,28.266066749312532,69.79489713109105,1015.54647661821,0
2024-11-02 23:30:00,20.095824400954996,61.744842658585924,1009.9196439233184,0
2024-11-02 23:40:00,23.696429809928834,64.30270862027989,1021.0852246226084,0
2024-11-02 23:50:00,25.176634412969154,50.35986933877052,1009.1478760043107,0
2024-11-03 00:00:00,24.561983735470065,45.74867346604915,1018.7168076510292,0
2024-11-03 00:10:00,22.75460096035881,61.800634659340425,1013.9242932703019,0
2024-11-03 00:20:00,23.58375549928545,58.3414460179152,1014.2609742711714,0
2024-11-03 00:30:00,23.013998130682335,55.85955499472714,1003.148457093243,0
2024-11-03 00:40:00,22.821270486111576,58.09897184506392,1001.9854332339714,0
2024-11-03 00:50:00,25.69920419404205,57.58548385966564,1011.8971702986635,0
2024-11-03 01:00:00,24.714030971930093,65.27053487882849,1014.2345303170831,1
2024-11-03 01:10:00,22.614180809478693,65.35988467853565,1014.2345303170831,0
2024-11-03 01:20:00,25.799199750866503,59.35376281872278,1014.2345303170831,0
2024-11-03 01:30:00,24.61459904175322,61.76642298050343,1014.2345303170831,0
2024-11-03 01:40:00,25.62572423767792,59.11250041939821,1014.2345303170831,1
2024-11-03 01:50:00,25.259257683847224,51.31064214372305,1014.2345303170831,0
2024-11-03 02:00:00,22.342009978155854,61.05251739930512,1015.8142724022856,0
2024-11-03 02:10:00,22.87963791960606,43.84403944912591,1015.8142724022856,0
2024-11-03 02:20:00,25.494587210246525,63.43113241836706,1015.8142724022856,0
2024-11-03 02:30:00,25.22074053086693,45.44381648187172,1015.8142724022856,0
2024-11-03 02:40:00,23.958196812071705,57.28642629435787,1013.3416106496991,0
2024-11-03 02:50:00,24.234654766617563,48.23876833259073,1013.631562572935,0
2024-11-03 03:00:00,37.02174430083496,59.42711186459542,1024.5297329298387,1
2024-11-03 03:10:00,22.81685722232834,54.728598192576726,1006.0032891707561,0
2024-11-03 03:20:00,25.094194762340077,42.24195233469334,1016.9821518332105,0
2024-11-03 03:30:00,23.595614695132213,58.36559704814783,1021.3199313990405,0
2024-11-03 03:40:00,23.56463759354556,50.37663378533831,1011.3757103675073,0
2024-11-03 03:50:00,26.19755370397438,62.049173766506954,1017.2981539342742,0
2024-11-03 04:00:00,25.65083269797606,55.010605509875255,1008.0899025139455,0
2024-11-03 04:10:00,25.627019272001277,58.16336788310431,1009.5663380221632,0
2024-11-03 04:20:00,26.61095761430866,47.339448359878304,1014.9248320802382,0
2024-11-03 04:30:00,24.042007683265517,50.28534214858111,1016.992833365553,0
2024-11-03 04:40:00,25.363905942589927,51.330890911191325,1018.6046825620313,0
2024-11-03 04:50:00,23.379466486813087,61.85361984194044,1020.8481429346974,0
2024-11-03 05:00:00,24.648332704976884,68.41901670244391,1012.6627672072241,0
2024-11-03 05:10:00,23.739713891264632,48.55862598605699,1018.9680587758629,0
2024-11-03 05:20:00,24.193991929985437,63.614785157261444,1011.2884757827543,0
2024-11-03 05:30:00,25.190314050873827,37.64258065819438,1017.5104565579413,0
2024-11-03 05:40:00,22.363558633533057,45.44648479126168,1014.037443989261,0
2024-11-03 05:50:00,28.18477455137092,47.3297723505058,1015.2283895354096,0
2024-11-03 06:00:00,21.987965237000594,44.17993048447422,1015.1175393701102,0
2024-11-03 06:10:00,21.571622774424537,42.33129288169936,1004.9764749510109,0
2024-11-03 06:20:00,26.316221747000135,58.30399129710238,1007.3793907056961,0
2024-11-03 06:30:00,25.58332538792587,53.28745841817711,1013.5127071990876,0
2024-11-03 06:40:00,25.24823963410431,58.03524318084088,1004.5636046017942,0
2024-11-03 06:50:00,25.25669101852856,60.523781488972105,1017.1560555159988,0
2024-11-03 07:00:00,23.97550645430617,57.124935945380265,1017.3577798314407,0
2024-11-03 07:10:00,22.20549125702834,60.26210540920299,1014.6358527643889,0
2024-11-03 07:20:00,24.15160911638745,54.44374171006184,1007.3943299362104,0
2024-11-03 07:30:00,22.645676576975777,45.50405289355405,1019.9006946943425,0
2024-11-03 07:40:00,25.9502394668355,63.46251344656637,1023.1860531985918,0
2024-11-03 07:50:00,23.705885236995723,50.28710293775099,1013.7353841372299,0
2024-11-03 08:00:00,22.349005606414977,47.515229609900594,1015.5526768922562,0
2024-11-03 08:10:00,23.357228316694012,53.57665699356482,1014.0086932739803,0
2024-11-03 08:20:00,24.825862908551247,47.697512645627896,1015.651845944994,0
2024-11-03 08:30:00,22.87255089439205,51.66055694408454,1012.402206216868,0
2024-11-03 08:40:00,22.355559208867138,57.75243137250773,1012.827178800781,0
2024-11-03 08:50:00,24.487374422983823,57.786733913969016,1017.5285880024868,0
2024-11-03 09:00:00,38.356848088605325,47.817359468594965,1024.728120809482,1
2024-11-03 09:10:00,22.98611364925774,51.09835701641004,1005.9996438279913,0
2024-11-03 09:20:00,23.057923388763353,63.59466403816195,1012.4809375779852,0
2024-11-03 09:30:00,24.464099874715274,58.97120094187153,1007.0976975738396,0
2024-11-03 09:40:00,21.10383131700535,71.60052031478833,1020.9601244928804,0
2024-11-03 09:50:00,21.18507245124689,64.44102538993222,1010.0613101534005,1
2024-11-03 10:00:00,22.563111557495127,67.15434454847951,1005.7839960310711,0
2024-11-03 10:10:00,23.573105696576306,49.897051596353585,1016.1909349942429,0
2024-11-03 10:20:00,24.62181513119601,70.11088281306738,1021.7215555737156,0
2024-11-03 10:30:00,26.950712433899103,66.57514558642472,1016.3179893428038,0
2024-11-03 10:40:00,25.71531924640404,65.592145571694,1014.0239893864095,0
2024-11-03 10:50:00,23.680122940073147,74.34412272426023,1015.0457046138799,0
2024-11-03 11:00:00,23.96196758419462,83.56169227689188,1020.0742033141278,0
2024-11-03 11:10:00,21.994941270724382,83.00665272803369,1008.6290036499292,0
2024-11-03 11:20:00,23.96297372801522,74.97220958926351,1012.4407644795684,0
2024-11-03 11:30:00,23.422682722159724,90.93967130874097,1010.7365492574523,0
2024-11-03 11:40:00,24.645437120676178,49.89929966339229,1007.1606734635415,0
2024-11-03 11:50:00,22.345538112895355,56.73346495171429,1011.358123702916,0
2024-11-03 12:00:00,25.038693028482346,52.57319946018293,1018.5386054799122,0
2024-11-03 12:10:00,27.065477826005157,53.249069986114996,1015.8330107419637,0
2024-11-03 12:20:00,23.782479703086285,61.12994380032408,1016.221552500541,0
2024-11-03 12:30:00,24.803423444197882,46.67845024147282,1013.7323780582666,0
2024-11-03 12:40:00,25.380287983422225,70.56156059421546,1015.6166189136429,0
2024-11-03 12:50:00,42.61902508689028,40.43131144564403,1008.9970482882595,1
2024-11-03 13:00:00,24.448184963620832,50.21865853396115,1011.4524505703639,0
2024-11-03 13:10:00,24.02518480156359,57.96169511953393,1013.9600211848434,0
2024-11-03 13:20:00,24.195352197097662,59.67451333148248,1014.3875792944094,0
2024-11-03 13:30:00,22.453980432289068,54.19619423542636,1014.6009392746093,0
2024-11-03 13:40:00,24.049020348517885,54.54087437598766,1012.3083235899181,0
2024-11-03 13:50:00,24.9959965824909,58.284400682620934,1011.1128829943483,0
2024-11-03 14:00:00,26.902287215590082,53.15144418033856,1028.7888564152215,0
2024-11-03 14:10:00,25.918541652170415,66.14545006347925,1017.5339363646619,0
2024-11-03 14:20:00,28.306364915023114,61.71479291385282,1015.0657373797632,0
2024-11-03 14:30:00,22.4653048742239,61.98259480804508,1011.8339575089681,0
2024-11-03 14:40:00,25.744641273441356,47.27074621303667,1010.7439058652806,0
2024-11-03 14:50:00,24.366684011476703,54.364892604754374,1012.3459970313652,0
2024-11-03 15:00:00,28.379605866435345,52.59627241023437,1014.4641442179334,0
2024-11-03 15:10:00,22.383403429289697,46.955188994484274,1003.5978222796846,0
2024-11-03 15:20:00,22.32055631563845,57.88131347156614,1005.1530520231266,0
2024-11-03 15:30:00,22.801214709111957,50.69883393776147,1009.8155880553052,0
2024-11-03 15:40:00,39.60881812594843,60.2432306388019,1014.0356971838928,1
2024-11-03 15:50:00,22.94848995663848,46.43846749684535,1011.8036342642407,0
2024-11-03 16:00:00,22.481734676892604,68.75232490273457,1020.3906061304974,0
2024-11-03 16:10:00,24.300787572952416,47.829338731263505,1005.5880160650212,0
2024-11-03 16:20:00,24.68351195155432,56.75441869760349,1009.2432726519831,0
2024-11-03 16:30:00,27.752341678431772,61.33487448310454,1020.6004587049555,0
2024-11-03 16:40:00,25.900847676372102,50.4348765583991,1013.6555966233757,0
2024-11-03 16:50:00,22.846192688675195,61.819749147463604,1017.4242129140058,0
2024-11-03 17:00:00,37.757092447086244,45.16653121759667,1023.2562347163473,1
2024-11-03 17:10:00,24.983838343013012,66.61694159346048,1009.5309779104908,0
2024-11-03 17:20:00,21.359533585958715,55.11319411972607,1012.5034283110398,0
2024-11-03 17:30:00,27.662917531708707,50.22870873624896,1011.6378654953456,0
2024-11-03 17:40:00,26.358880241442574,52.60654582058052,1003.2270349775836,0
2024-11-03 17:50:00,23.06164869579059,61.47135415514175,1011.4480159812201,0
2024-11-03 18:00:00,20.573730941818244,50.324357665196494,1017.4053109369033,0
2024-11-03 18:10:00,26.707744748330825,49.00513848461778,1015.7029477090612,0
2024-11-03 18:20:00,23.770920309494763,53.22770721933009,1016.09541584694,0
2024-11-03 18:30:00,26.47563262394692,45.584303097840255,1011.1224550968025,0
2024-11-03 18:40:00,20.811144682411268,69.56435126353452,1009.7195138199718,0
2024-11-03 18:50:00,22.801249954092455,50.468843270282214,1019.3462783594931,0
2024-11-03 19:00:00,24.010487399436368,61.65293428944323,1010.5134142682117,0
2024-11-03 19:10:00,24.093961187529484,56.67576066918218,1014.470410193966,0
2024-11-03 19:20:00,23.099869057041513,47.123727596144256,1013.8166734033877,1
2024-11-03 19:30:00,25.245699864695,54.952362326298164,1013.8166734033877,0
2024-11-03 19:40:00,21.86475914123481,61.27202223448599,1013.8166734033877,0
2024-11-03 19:50:00,23.71524102995741,53.493909319309545,1013.8166734033877,0
2024-11-03 20:00:00,24.2405912634238,64.54490356680822,1013.8166734033877,0
2024-11-03 20:10:00,25.0288776681175,63.17212314225491,1013.8166734033877,0
2024-11-03 20:20:00,25.42322975617778,62.35131883726663,1012.6783117631041,0
2024-11-03 20:30:00,21.750715816324263,51.32274582181603,1010.7241410802312,0
2024-11-03 20:40:00,20.931771658528756,46.361260417748106,1018.0781394199723,0
2024-11-03 20:50:00,26.55535364379702,50.091299157097644,1013.9372969104445,0
2024-11-03 21:00:00,24.66462802395918,56.56992752533376,1013.2622869344473,0
2024-11-03 21:10:00,22.503026926886893,59.366293708258844,1016.8991432037752,0
2024-11-03 21:20:00,27.102303951045045,37.62742876191642,1011.1244550252821,0
2024-11-03 21:30:00,24.231349268585717,54.935094387106,1020.8425949273628,0
2024-11-03 21:40:00,26.358594368127655,56.264713802585476,1009.059761883835,0
2024-11-03 21:50:00,24.13503696282022,52.77964594947559,1016.2846453317104,0
2024-11-03 22:00:00,28.121495849763974,65.33019071212703,1020.1691641932993,0
2024-11-03 22:10:00,27.510681684886407,58.37424059400697,1006.1135225536395,0
2024-11-03 22:20:00,23.502071703041853,65.48153526464718,1011.2833241207378,0
2024-11-03 22:30:00,25.94314190190871,53.27231583719814,1018.7110369644278,0
2024-11-03 22:40:00,25.290751899170296,62.4998199400554,1018.7862227386552,0
2024-11-03 22:50:00,26.737263115064696,68.08053115622016,1012.1425219980588,0
2024-11-03 23:00:00,22.07015307883979,65.4935475941813,1009.3266445316157,0
2024-11-03 23:10:00,25.372102919996877,46.26286725257013,1017.7796791116538,0
2024-11-03 23:20:00,26.116848973699177,52.97059137966095,1018.917745512908,0
2024-11-03 23:30:00,20.482521027153773,52.238682356401625,1007.1766832574381,0
2024-11-03 23:40:00,21.63348297466845,58.914036280610624,1006.9804317551681,0
2024-11-03 23:50:00,19.9215356444798,60.49082844011627,1014.126283409918,0
2024-11-04 00:00:00,23.461186331110884,48.28885860779411,1016.1468031671444,0
2024-11-04 00:10:00,25.435084511591924,55.5427081113355,1011.5046545738497,0
2024-11-04 00:20:00,27.004714104192058,38.84058134275091,1016.3964690999118,0
2024-11-04 00:30:00,24.14818956083955,66.53556004641511,1009.4493169658131,0
2024-11-04 00:40:00,27.257231091142582,50.90100607458645,1002.4265320046313,0
2024-11-04 00:50:00,21.239797083570217,55.446911518755975,1010.880494638337,0
2024-11-04 01:00:00,20.59323512128969,52.52280228809551,1013.3161607325655,0
2024-11-04 01:10:00,23.88890460220676,64.16822060010732,1011.6208002005177,0
2024-11-04 01:20:00,24.768130897878613,32.29994846882097,1007.2069836817026,0
2024-11-04 01:30:00,23.934610503811815,54.86711726139273,1003.9217551206059,0
2024-11-04 01:40:00,19.865115799920247,54.15344994001842,1010.4295559781605,0
2024-11-04 01:50:00,23.821759920974422,51.37090889926654,1017.4882788582487,0
2024-11-04 02:00:00,21.391060998990294,68.80981236508507,1019.2809871970684,0
2024-11-04 02:10:00,25.339345097660075,47.90136432915383,1018.9385669206923,0
2024-11-04 02:20:00,24.733196492193695,61.17436941788529,1008.9204523242572,0
2024-11-04 02:30:00,22.12024042734529,57.850022309648665,1007.2314683818482,0
2024-11-04 02:40:00,38.05478586185585,65.09215402028413,1015.4831730748995,1
2024-11-04 02:50:00,21.881572956222097,49.662487321779956,1016.1755000579897,0
2024-11-04 03:00:00,23.874641805453656,49.13624880700993,1015.0008480260025,0
2024-11-04 03:10:00,25.910284641002477,63.768559259819185,1002.9296836288112,0
2024-11-04 03:20:00,22.028547907328914,58.40257046664088,1008.6655770755826,0
2024-11-04 03:30:00,25.00809303103569,42.64050122658593,1012.8515560485702,0
2024-11-04 03:40:00,22.93948476325512,50.68555988429384,1015.4360909731521,0
2024-11-04 03:50:00,22.414254335475313,58.09106123078449,1016.8365368130125,0
2024-11-04 04:00:00,23.785939280090883,61.70211377237271,1013.7212676114102,1
2024-11-04 04:10:00,21.92951535516125,49.56615477445636,1013.7212676114102,1
2024-11-04 04:20:00,22.892701389305635,34.68595208146447,1013.7212676114102,0
2024-11-04 04:30:00,21.6042442148223,65.18578548589628,1013.7212676114102,0
2024-11-04 04:40:00,27.929450265832777,54.237434480448194,1013.7212676114102,1
2024-11-04 04:50:00,24.07052710394346,53.86128961502071,1013.7212676114102,0
2024-11-04 05:00:00,22.60054898401483,53.34139260012687,1011.6581560043131,0
2024-11-04 05:10:00,24.427959821468445,88.51184688158193,1013.4064571252125,0
2024-11-04 05:20:00,23.775343900618342,89.02893960323973,1015.4229568941963,0
2024-11-04 05:30:00,23.558060800933553,92.19474895430199,1014.3373769444903,0
2024-11-04 05:40:00,25.22833340008685,111.11219490370209,1014.9041320917263,0
2024-11-04 05:50:00,25.51501542009461,111.09859746418458,1019.7136093067559,0
2024-11-04 06:00:00,22.938997704778945,91.93040034177534,1014.325819613733,0
2024-11-04 06:10:00,22.84836351871064,70.85811622266402,1009.7550073976342,0
2024-11-04 06:20:00,23.44989660569671,84.72359500836829,1017.4180339299709,0
2024-11-04 06:30:00,19.39615767052883,42.06629300041588,1006.1690083116554,0
2024-11-04 06:40:00,20.969617875602896,53.164941345156265,1007.5929330963036,0
2024-11-04 06:50:00,26.73374853488905,53.011073169866584,1014.6792363236003,0
2024-11-04 07:00:00,27.28993542700257,60.012909098104565,1015.5819833389329,0
2024-11-04 07:10:00,23.501927920887244,55.36451104913519,1006.77474388248,0
2024-11-04 07:20:00,25.153113926111534,59.987257106239326,1011.0859125950662,0
2024-11-04 07:30:00,24.622500309087073,60.627521065111154,1009.9695808389017,0
2024-11-04 07:40:00,30.157761616910477,72.23942941906513,1010.566618385592,0
2024-11-04 07:50:00,26.23914982286915,52.47762675771101,1017.7179888813647,0
2024-11-04 08:00:00,23.744164817038467,47.471818394668965,1016.5325273177363,0
2024-11-04 08:10:00,22.088919118799147,56.96866892253127,1012.9043891007315,0
2024-11-04 08:20:00,20.787107359484857,48.58175978288365,1010.2701903644254,0
2024-11-04 08:30:00,24.406927271734446,66.85568614749229,1006.2517516488992,0
2024-11-04 08:40:00,22.487298509431394,52.73425568843814,1020.1009246939097,0
2024-11-04 08:50:00,21.15549258080465,50.47538905700808,1015.9605695014246,0
2024-11-04 09:00:00,22.706854231514946,51.229474230791055,1009.4666544796343,0
2024-11-04 09:10:00,21.83690399277121,60.747339387773124,1016.5979974881244,0
2024-11-04 09:20:00,27.374283270145128,53.73802413414812,1012.6488818971269,0
2024-11-04 09:30:00,25.7632795138989,49.86666543895694,1011.5644524756883,0
2024-11-04 09:40:00,23.984054717366764,68.32281534098824,1015.176057641448,0
2024-11-04 09:50:00,26.959888277780053,48.150641274706,1009.2925087504364,0
2024-11-04 10:00:00,24.154736615295235,55.284528592263946,1011.2812174024494,0
2024-11-04 10:10:00,22.277431597343472,60.21844921288184,1013.6073053209977,0
2024-11-04 10:20:00,27.046248154539313,41.94931911666342,1010.502744035574,0
2024-11-04 10:30:00,25.077820087369318,58.8420840112474,1016.3454260513377,0
2024-11-04 10:40:00,21.925507691347086,46.5591385961564,1022.3453325183913,0
2024-11-04 10:50:00,23.619322643832785,61.582262246672016,1009.2285093369643,0
2024-11-04 11:00:00,22.248763493230484,47.29879190464819,1004.6743735184798,0
2024-11-04 11:10:00,21.234400538071327,60.542152254790885,1002.9912991626187,0
2024-11-04 11:20:00,25.85235509506328,63.8466645303577,1012.2476592925251,0
2024-11-04 11:30:00,27.81883328094026,61.89149220506244,1009.684177049369,0
2024-11-04 11:40:00,21.202864852361717,57.01053318590482,1014.0393025053354,1
2024-11-04 11:50:00,25.12593847338114,53.1495924565624,1014.0393025053354,0
2024-11-04 12:00:00,22.698714861756347,50.388643389321246,1014.0393025053354,0
2024-11-04 12:10:00,23.02574923247061,66.76827752653683,1014.0393025053354,0
2024-11-04 12:20:00,22.81521215152226,49.404038238658856,1014.0393025053354,0
2024-11-04 12:30:00,22.272018460640368,46.703471411440034,1014.0393025053354,0
2024-11-04 12:40:00,24.097043255889655,60.32295148026264,1010.8709100081672,0
2024-11-04 12:50:00,22.338099767177923,48.630905574508034,1004.7142820743385,0
2024-11-04 13:00:00,24.540913651559677,47.39949202027098,1015.356956313825,0
2024-11-04 13:10:00,23.899523781101728,43.45116590264188,1019.3594977271197,0
2024-11-04 13:20:00,23.52210390626718,51.13672128431586,1014.3899122010946,0
2024-11-04 13:30:00,22.184872675916804,54.338279808828055,1008.7626305471747,1
2024-11-04 13:40:00,22.846457338863335,59.94473382128559,1013.2227608278557,0
2024-11-04 13:50:00,25.51078245165151,68.61044995439588,1006.1694295953316,0
2024-11-04 14:00:00,25.001834375248762,68.21518338932634,1018.289803569194,0
2024-11-04 14:10:00,22.044889510402896,65.47302224357456,1013.4092216726477,0
2024-11-04 14:20:00,24.19866461085845,68.41443458896225,1004.1592154412339,0
2024-11-04 14:30:00,25.502774246743577,77.08125975132147,1011.4966281977815,0
2024-11-04 14:40:00,20.66118943775726,86.18056130342856,1015.3165075511712,0
2024-11-04 14:50:00,25.08672038475987,80.0105135958656,1011.3347618951224,0
2024-11-04 15:00:00,22.674752482108307,78.24695316631673,1011.6205213927991,0
2024-11-04 15:10:00,25.14119733718632,77.05707199131564,1006.8779889647636,0
2024-11-04 15:20:00,22.473481686914965,43.4383578847022,1015.8327049354083,0
2024-11-04 15:30:00,20.39023579867096,60.33015737634818,1009.7576539999043,0
2024-11-04 15:40:00,20.744915124233675,59.62382818911646,1002.2177731149749,0
2024-11-04 15:50:00,24.096169893322763,59.61890820085329,1011.143713146648,0
2024-11-04 16:00:00,24.519445003442964,53.970724429183555,1017.9057485778518,0
2024-11-04 16:10:00,22.191366749791182,66.255477967134,1011.0653527670003,0
2024-11-04 16:20:00,25.27718491755475,51.127052043321456,1021.6899249256176,0
2024-11-04 16:30:00,20.67695987546208,62.64215389765764,1015.1448397427425,0
2024-11-04 16:40:00,23.867840402705365,54.690056840083656,1014.6937908114019,0
2024-11-04 16:50:00,21.577967600475088,50.1331938825653,1012.358008670412,1
2024-11-04 17:00:00,22.69632778439568,62.74024245854209,1012.6585689611785,0
2024-11-04 17:10:00,24.094797342632827,64.27708894947196,1011.6828818244024,0
2024-11-04 17:20:00,22.279173269432096,66.85578207413542,1011.4886530395873,0
2024-11-04 17:30:00,23.23088891154035,67.65022737644959,1015.6543358103357,0
2024-11-04 17:40:00,26.01258561842888,69.69685534626535,1008.3208438510471,0
2024-11-04 17:50:00,22.846216260953703,92.10697594296352,1007.6205308563787,0
2024-11-04 18:00:00,25.671384224130282,85.47405316156939,1007.3840247456232,0
2024-11-04 18:10:00,21.740586290684764,84.7826151598841,1023.2282727383857,0
2024-11-04 18:20:00,25.059608355830566,82.89439326562712,1015.6517145083529,0
2024-11-04 18:30:00,26.8831372413158,93.05725760477335,1014.5224610084007,0
2024-11-04 18:40:00,19.05671099974542,59.14395821113162,1007.7124266485329,0
2024-11-04 18:50:00,22.406209489059048,55.20963802219229,1016.1167115033742,0
2024-11-04 19:00:00,25.15414425436108,52.57148539787268,1012.4171432677333,0
2024-11-04 19:10:00,23.593909227914015,54.35266129869849,1014.0708447056587,0
2024-11-04 19:20:00,24.742291746742616,29.636594112975555,1008.1168984206822,1
2024-11-04 19:30:00,22.792029626568358,56.68480671438113,1008.1168984206822,0
2024-11-04 19:40:00,24.1731795749458,51.09219135911712,1008.1168984206822,0
2024-11-04 19:50:00,23.68864552921584,67.74135998626308,1008.1168984206822,0
2024-11-04 20:00:00,26.335564123319614,55.15475256649403,1008.1168984206822,0
2024-11-04 20:10:00,24.508841686602427,45.48829264372031,1008.1168984206822,0
2024-11-04 20:20:00,24.675205324150404,54.60095876697506,1015.8238813215708,0
2024-11-04 20:30:00,23.176246067755066,46.63103131949997,1016.422430667765,0
2024-11-04 20:40:00,23.024787551855013,58.78725932569973,1008.6017816222438,0
2024-11-04 20:50:00,23.134883624360757,57.327578914715886,1008.8983576943376,0
2024-11-04 21:00:00,24.788904284756594,62.66271704886614,1011.884871593668,0
2024-11-04 21:10:00,23.158031038359475,48.672945666443475,1014.4101810523111,0
2024-11-04 21:20:00,24.579549713792826,55.27206476982517,1012.2357250409289,0
2024-11-04 21:30:00,28.15080159729088,44.07982563658692,1015.1678123009594,0
2024-11-04 21:40:00,25.742249406863383,60.61195825539772,1021.8148982626869,0
2024-11-04 21:50:00,23.347952935664317,59.15096944352098,1010.4614161542514,0
2024-11-04 22:00:00,26.40242784432789,58.966440168220565,1004.4241001464829,0
2024-11-04 22:10:00,23.183849253956897,55.01295225085553,1017.1296179151533,0
2024-11-04 22:20:00,19.923750929644292,58.31818312631033,1021.4165728796377,0
2024-11-04 22:30:00,21.98382737816519,67.83471286646878,1014.9638418152556,0
2024-11-04 22:40:00,20.25841615794829,52.719245943663886,1007.5612566232317,0
2024-11-04 22:50:00,23.296973031917382,56.10916146968068,1012.380538183824,0
2024-11-04 23:00:00,24.036836758379103,46.31098960654872,1007.4073825789418,0
2024-11-04 23:10:00,27.352874624550566,48.05391230721334,1016.2142774698148,0
2024-11-04 23:20:00,24.653854747528325,55.78250634474646,1006.2435479865078,0
2024-11-04 23:30:00,23.56179894238227,63.83146837361526,1011.499356065859,0
2024-11-04 23:40:00,25.658811162366977,52.94975340598742,1007.9783108685305,0
2024-11-04 23:50:00,19.57772938198423,53.112667765503005,1013.6341234256748,0
2024-11-05 00:00:00,24.47122911621713,51.744918043965,1011.1682916143112,0
2024-11-05 00:10:00,25.541730387773935,50.721946633245416,1013.8838105162513,0
2024-11-05 00:20:00,21.04282750844032,57.35977164567057,1013.1117527748319,0
2024-11-05 00:30:00,26.287508086413858,43.02193883857085,1008.0667048613794,0
2024-11-05 00:40:00,24.67699281498883,65.24751661333381,1016.1343853176451,0
2024-11-05 00:50:00,23.169424172198397,49.67662161496432,1012.7561717407845,0
2024-11-05 01:00:00,25.26556373221257,60.77522788350513,1008.0573549606705,0
2024-11-05 01:10:00,28.54138571560879,44.84001122084899,1024.204632781029,0
2024-11-05 01:20:00,24.36373251011699,60.35072104436975,1015.3821508335856,0
2024-11-05 01:30:00,24.496441172600672,60.37555686251598,1012.2336972330035,0
2024-11-05 01:40:00,23.081278200919513,58.07361657604717,1020.0760226335091,0
2024-11-05 01:50:00,22.300311261070416,47.044571825601665,1022.2090780469331,0
2024-11-05 02:00:00,25.66067163308849,56.99638551678461,1012.2732528884305,0
2024-11-05 02:10:00,22.287832348182267,45.535550522124886,1014.7369874321738,0
2024-11-05 02:20:00,24.143132474438787,52.977893959230514,1008.0599859099852,1
2024-11-05 02:30:00,23.044685106469768,63.235304807642606,1008.0599859099852,0
2024-11-05 02:40:00,24.957959651492782,61.37361541656594,1008.0599859099852,0
2024-11-05 02:50:00,24.667324210573895,55.12146354032347,1008.0599859099852,0
2024-11-05 03:00:00,26.0750798885158,47.201547392617265,1008.0599859099852,0
2024-11-05 03:10:00,22.979967202290506,60.16470169739355,1008.0599859099852,0
2024-11-05 03:20:00,23.460250129413257,55.1550499015842,1014.1882132814998,0
2024-11-05 03:30:00,22.042472568435386,36.43747521415661,1006.9462868668542,0
2024-11-05 03:40:00,23.111413479847776,61.26103861053215,1008.3076644712946,0
2024-11-05 03:50:00,24.754600986089706,54.806137329042464,1010.2679619026817,0
2024-11-05 04:00:00,25.513977233290703,64.61960998386458,1011.5887970403838,0
2024-11-05 04:10:00,22.15566935164475,46.237835849257564,1018.2538714523606,0
2024-11-05 04:20:00,25.739211840211322,29.586369494431995,1007.1853050657354,0
2024-11-05 04:30:00,26.7112757176099,57.23267086676148,1011.2129247591465,0
2024-11-05 04:40:00,24.8268698064474,57.33250941345578,1017.7650474910703,0
2024-11-05 04:50:00,27.753591625116133,41.47462697914838,1011.500612627517,0
2024-11-05 05:00:00,22.452421601792853,47.17200363306715,1015.3020782492141,0
2024-11-05 05:10:00,21.510690593377166,77.04174194975921,1012.3022897853605,0
2024-11-05 05:20:00,20.442559502191443,52.555115086769575,1014.2839162866236,0
2024-11-05 05:30:00,26.992088622978365,60.84767181100973,1011.8576372809523,0
2024-11-05 05:40:00,25.308731312708115,49.79472138105293,1016.3353273636418,0
2024-11-05 05:50:00,23.88883065817909,38.27757680917475,1005.2747179629678,0
2024-11-05 06:00:00,24.559937252639642,53.63793402563276,1011.1834399580573,0
2024-11-05 06:10:00,21.749021905403247,52.87516351771116,1014.4828633834716,0
2024-11-05 06:20:00,28.891503959233653,51.80097409065303,1015.6684762400309,0
2024-11-05 06:30:00,24.258442363950454,54.08287331594886,1020.4647631137691,0
2024-11-05 06:40:00,24.218789589209784,57.11414617316509,1011.0448766656721,0
2024-11-05 06:50:00,25.451533247797386,53.799064389969544,1020.3974088093044,0
2024-11-05 07:00:00,24.962018463473427,44.88795065642109,1009.7048808667016,0
2024-11-05 07:10:00,24.447768048558263,58.889478332495514,1019.6432320577233,0
2024-11-05 07:20:00,22.419051089109377,39.40502595742061,1017.0873356334919,0
2024-11-05 07:30:00,24.94293671427199,38.5971403417264,1008.4327071018389,0
2024-11-05 07:40:00,27.764048992950066,60.91344395761254,1014.5351961862591,0
2024-11-05 07:50:00,26.690840092309955,59.056162177082854,1012.743820822339,0
2024-11-05 08:00:00,27.186373253278795,54.54083707940771,1016.127922968375,0
2024-11-05 08:10:00,34.27342594723747,43.83641196195943,1011.8836420578334,1
2024-11-05 08:20:00,22.020790359482838,49.336712474607396,1011.4637688716913,0
2024-11-05 08:30:00,23.748426159800704,52.89802601850797,1019.8454729138142,0
2024-11-05 08:40:00,24.111449824577388,42.23284825140709,1012.5063955277217,0
2024-11-05 08:50:00,26.188383036941897,49.08777073581414,1017.1321116209589,0
2024-11-05 09:00:00,20.61507074057036,60.21864270541344,1011.873242574779,0
2024-11-05 09:10:00,27.059100638921226,66.41844291431373,1021.3333162961376,0
2024-11-05 09:20:00,23.683984202842023,51.644521978731596,1009.6083268533225,0
2024-11-05 09:30:00,23.14623786010516,61.051906834528786,1009.929282343764,0
2024-11-05 09:40:00,21.975791249479666,39.68751943530026,1020.6225859055795,0
2024-11-05 09:50:00,20.690286656268462,60.27560992890889,1010.7752680455237,0
2024-11-05 10:00:00,25.64634116792383,48.56841268218015,1021.005371530822,0
2024-11-05 10:10:00,24.146635934376807,57.45876493366376,1017.459202897974,0
2024-11-05 10:20:00,21.420078200517892,53.01798065408233,1012.2267514671959,0
2024-11-05 10:30:00,21.409842455872766,65.56331207827067,1003.9335326399142,0
2024-11-05 10:40:00,23.328430601419743,48.00451481328066,1012.9034084786408,0
2024-11-05 10:50:00,27.338043050578786,60.02085038049465,1013.5081502676671,0
2024-11-05 11:00:00,23.48081729727279,52.76394029362773,1018.8360886665218,0
2024-11-05 11:10:00,20.99371409376379,53.733556175922686,1020.9422358812005,0
2024-11-05 11:20:00,23.50851387182811,53.52916885472632,1009.5750641042813,0
2024-11-05 11:30:00,23.45455286050466,48.2346151640471,1017.0059088199409,0
2024-11-05 11:40:00,18.606226714116858,54.887208272746626,1016.8270107800668,0
2024-11-05 11:50:00,23.891410266964375,54.49881422302543,1018.3670635120523,0
2024-11-05 12:00:00,23.538130939582643,56.929921987253834,1015.4934495606777,0
2024-11-05 12:10:00,25.392412729626837,55.6760411655429,1003.2875115451911,0
2024-11-05 12:20:00,27.69791218989069,61.38395639689789,1012.2228878373612,0
2024-11-05 12:30:00,26.253130059095515,62.38806892837895,1007.2214621254154,0
2024-11-05 12:40:00,23.46222261889034,46.59501342537759,1011.9869711354096,0
2024-11-05 12:50:00,21.78694818251666,61.95018000472617,1017.9000211806695,0
2024-11-05 13:00:00,29.146719606499722,45.50930858312117,1014.5257541793749,0
2024-11-05 13:10:00,24.118436868028976,59.70284710510188,1018.7404543319872,0
2024-11-05 13:20:00,24.027858583825893,59.95791027762295,1014.7087696035677,0
2024-11-05 13:30:00,23.951749825779995,39.70946486669997,1006.5083703016555,0
2024-11-05 13:40:00,24.39616952153571,55.74383397223528,1000.3957649671363,0
2024-11-05 13:50:00,23.711279176152114,51.25203109311747,1013.7440438083979,0
2024-11-05 14:00:00,22.85267598623953,48.929877936517,1011.9303676682441,0
2024-11-05 14:10:00,22.906282117519215,65.80681864559205,1008.1152713030906,0
2024-11-05 14:20:00,23.934493459568003,49.77056687490065,1004.4968637517431,1
2024-11-05 14:30:00,22.91315045773247,48.5489845670556,1004.4968637517431,0
2024-11-05 14:40:00,22.574308434645673,55.60555952004075,1004.4968637517431,0
2024-11-05 14:50:00,24.212860455383794,60.48471797038733,1004.4968637517431,0
2024-11-05 15:00:00,23.49004556515829,53.86681131191899,1004.4968637517431,0
2024-11-05 15:10:00,27.007985977165376,64.33096436535402,1004.4968637517431,0
2024-11-05 15:20:00,18.698060383213978,59.24780529571272,1007.821979719773,1
2024-11-05 15:30:00,26.183013703844924,37.57430944214856,1007.821979719773,0
2024-11-05 15:40:00,26.49217038499526,50.76426429194393,1007.821979719773,0
2024-11-05 15:50:00,19.8532195351837,50.50526320518641,1007.821979719773,0
2024-11-05 16:00:00,23.314624811839302,58.83488762743538,1007.821979719773,0
2024-11-05 16:10:00,23.257118268008416,34.001463549007106,1007.821979719773,0
2024-11-05 16:20:00,21.18497661056436,75.39207766974178,1014.4761237917262,0
2024-11-05 16:30:00,22.44436662481825,59.248208759153684,1009.6027750754113,0
2024-11-05 16:40:00,39.50553565771004,56.19101443134153,1012.939879855434,1
2024-11-05 16:50:00,27.504540886847245,64.45254173135316,1011.8022207053145,0
2024-11-05 17:00:00,25.87135678629492,73.749232422501,1015.445891753189,0
2024-11-05 17:10:00,26.54311018998832,61.96597315670723,1007.1011162531274,0
2024-11-05 17:20:00,25.44334412808647,62.59050477177296,1012.8532414894215,0
2024-11-05 17:30:00,21.74189645756554,56.045520195715056,1014.9765362632467,0
2024-11-05 17:40:00,22.950959467440452,53.867793973064416,1013.1651165359651,0
2024-11-05 17:50:00,24.978749122455834,51.19363644796079,1019.734706221945,0
2024-11-05 18:00:00,21.55574438221611,48.39110406628366,1016.8701138703552,0
2024-11-05 18:10:00,25.425996860344775,49.50388720240402,1012.9625960162963,0
2024-11-05 18:20:00,23.51934920368373,44.195552285256134,1014.0834454874883,0
2024-11-05 18:30:00,23.250358384900807,54.39302839451982,1014.4783277574099,0
2024-11-05 18:40:00,25.421919936406983,41.522659382188905,1015.0164980208341,0
2024-11-05 18:50:00,24.88852662297208,56.52733219314968,1003.871710021677,0
2024-11-05 19:00:00,23.27806766836184,54.70935513566127,1011.4923685211533,1
2024-11-05 19:10:00,26.318659606728495,56.1754823870935,1011.4923685211533,0
2024-11-05 19:20:00,21.837873344800204,50.822947439840064,1011.4923685211533,0
2024-11-05 19:30:00,25.231871213888528,79.61488296144402,1011.4923685211533,0
2024-11-05 19:40:00,25.186202515936767,65.8809272014425,1011.4923685211533,0
2024-11-05 19:50:00,23.38090712137202,45.043659999322216,1011.4923685211533,0
2024-11-05 20:00:00,24.652266044484236,56.86294469941519,1015.1116239872493,0
2024-11-05 20:10:00,21.497772847229395,50.13595085650141,1007.356827428104,0
2024-11-05 20:20:00,25.848054038413803,46.88416218634069,1012.6454731873631,0
2024-11-05 20:30:00,23.63019572711402,44.279423431008524,1011.3241651338681,0
2024-11-05 20:40:00,22.95455395896192,58.45773352607403,1004.2773355569698,0
2024-11-05 20:50:00,26.098018451673777,49.54895811944341,1009.548618833814,0
2024-11-05 21:00:00,22.591312618914483,62.74260819220163,1012.0822983899177,0
2024-11-05 21:10:00,21.18307740727288,62.95025771624351,1012.4252453425407,0
2024-11-05 21:20:00,20.886741652952193,65.9913150816916,1005.5888428816135,0
2024-11-05 21:30:00,25.212019902691278,48.18090587140717,1018.7583279152374,0
2024-11-05 21:40:00,21.439141295007435,58.80292488553608,1012.4894847055428,0
2024-11-05 21:50:00,27.509588363968728,60.059633733138405,1013.1877653833028,0
2024-11-05 22:00:00,19.836141184232556,51.20657459916828,1015.0032081916992,0
2024-11-05 22:10:00,27.392912736580076,48.825824340857,1009.0596187304816,0
2024-11-05 22:20:00,24.422034934405236,67.87616532620778,1015.2817798656635,0
2024-11-05 22:30:00,23.806573776259214,56.81996700585643,1011.1646267699091,0
2024-11-05 22:40:00,22.9101618263821,60.087742005693904,1008.517072296764,0
2024-11-05 22:50:00,24.798272228704143,48.42339190537658,1015.8672374667769,0
2024-11-05 23:00:00,23.924730595150304,45.24572426782245,1020.458369294009,0
2024-11-05 23:10:00,26.206603764033044,50.44440180406312,1016.6241468674292,0
2024-11-05 23:20:00,24.22845529732408,54.00782890088002,1017.6148878257021,0
2024-11-05 23:30:00,24.300603522923755,46.48623994546121,1010.3968469671885,0
2024-11-05 23:40:00,23.27277557557229,54.921241530796934,1005.0119013541578,0
2024-11-05 23:50:00,23.886108752557867,41.491958495451996,1020.4506876104992,1
2024-11-06 00:00:00,24.615603537784118,46.039620620241024,1020.4506876104992,0
2024-11-06 00:10:00,20.57966321468675,60.367289986215,1020.4506876104992,0
2024-11-06 00:20:00,21.303629155788574,59.83032416222315,1020.4506876104992,0
2024-11-06 00:30:00,25.48652818804543,51.86498587690507,1020.4506876104992,0
2024-11-06 00:40:00,24.341730876255884,46.857885527384376,1020.4506876104992,0
2024-11-06 00:50:00,23.632033327294643,46.78077158779191,1004.5813371619298,0
2024-11-06 01:00:00,24.036867866130788,52.01385403246949,1012.4631069079497,0
2024-11-06 01:10:00,24.695163410723342,60.15614793316233,1021.0283897904122,0
2024-11-06 01:20:00,22.920480639381278,62.425965530754596,1012.2916868406388,0
2024-11-06 01:30:00,22.443390549195374,51.02774611614425,1014.5116145017414,0
2024-11-06 01:40:00,24.391690510195364,45.77206059212173,1019.8779848215211,0
2024-11-06 01:50:00,22.043254444769936,57.142749102930665,1010.979523440838,0
2024-11-06 02:00:00,24.816505511428943,48.411720234993204,1023.177657283598,0
2024-11-06 02:10:00,20.59483279152432,50.85397888911038,1022.9604720374873,0
2024-11-06 02:20:00,26.058311274651288,65.6022087234963,1012.3444433065976,0
2024-11-06 02:30:00,24.945194964826086,61.61692342852614,1010.112328679904,0
2024-11-06 02:40:00,24.51205946862775,56.26379449801161,1016.4861902319516,0
2024-11-06 02:50:00,25.965381967891027,44.82464799109822,1011.2623752874057,0
2024-11-06 03:00:00,27.330948888925153,56.69117253976527,1007.2172239146634,0
2024-11-06 03:10:00,26.02874013003626,63.50125832630021,1019.4061932676149,0
2024-11-06 03:20:00,20.31825153733671,51.994930673875714,1019.0822369363854,0
2024-11-06 03:30:00,21.440846066528596,65.80891271989373,1013.7775580188178,0
2024-11-06 03:40:00,22.75036284460864,65.34196231614565,1006.6856762313591,0
2024-11-06 03:50:00,24.052182100421668,68.30986265714779,1006.8523687439131,0
2024-11-06 04:00:00,25.035318040938247,57.44194501225083,1013.5361464420957,0
2024-11-06 04:10:00,22.548512373693068,59.6991335984481,1010.5006448274748,0
2024-11-06 04:20:00,24.373533528954155,66.31349830664873,1011.294535339292,0
2024-11-06 04:30:00,22.489234135293355,58.5791514965518,1018.1098157753,0
2024-11-06 04:40:00,22.776964394016105,50.9901271376783,1016.6658965871128,0
2024-11-06 04:50:00,21.186677806303557,51.41165730777711,1019.890713402488,0
2024-11-06 05:00:00,22.153533507778192,56.90843963018991,1008.0468838831138,0
2024-11-06 05:10:00,21.29663078876733,44.67550862443025,1011.2840421565664,0
2024-11-06 05:20:00,22.048253494045333,53.85392867708646,1016.7949084773005,0
2024-11-06 05:30:00,26.10728359321568,63.772376945842026,1015.2403917050644,0
2024-11-06 05:40:00,22.101202222336113,37.46996919067775,1020.6619019129381,1
2024-11-06 05:50:00,29.26476412967478,67.27585681435612,1020.6619019129381,0
2024-11-06 06:00:00,24.98663580176178,63.978993749625275,1020.6619019129381,0
2024-11-06 06:10:00,24.369672247389747,51.32188307335619,1020.6619019129381,0
2024-11-06 06:20:00,22.283284439637573,59.34712662297448,1020.6619019129381,0
2024-11-06 06:30:00,25.40061975881798,55.02518181525061,1020.6619019129381,0
2024-11-06 06:40:00,22.848724347524453,64.83992294750946,1013.07143605942,0
2024-11-06 06:50:00,24.244019629290722,62.86146514215953,1017.5547220191974,0
2024-11-06 07:00:00,29.12016907653759,43.79943421453593,1021.0648908529653,0
2024-11-06 07:10:00,23.8078802005507,59.69809930771341,1016.6461847465538,0
2024-11-06 07:20:00,26.298546652571353,53.35497717085402,1012.5841411403269,0
2024-11-06 07:30:00,22.593647149748225,55.6626605641448,1019.8866751476417,0
2024-11-06 07:40:00,23.930023019006075,49.174624792241474,1002.0401067186006,0
2024-11-06 07:50:00,27.54160127127102,68.98509655296668,1005.8888274924657,0
2024-11-06 08:00:00,22.746065884424464,63.320494559220606,1016.4081711183419,0
2024-11-06 08:10:00,27.624897115993857,49.081830688216264,1013.0705417812657,0
2024-11-06 08:20:00,25.41550387091095,44.32311514471814,1016.0275682556208,0
2024-11-06 08:30:00,22.875066448211463,51.914618952177214,1013.3220376121598,0
2024-11-06 08:40:00,25.264815478111043,58.47602116873045,1015.8547284730193,0
2024-11-06 08:50:00,43.76780240527573,56.92164675156978,1008.927985895034,1
2024-11-06 09:00:00,25.24361992443439,65.02506259814595,1015.8524304303985,0
2024-11-06 09:10:00,20.859550560219088,61.31935777744682,1017.9720726410379,0
2024-11-06 09:20:00,22.545725648350263,62.75655220602326,1019.1027530196561,0
2024-11-06 09:30:00,23.50496272889699,57.6148432048835,1023.0677714732435,0
2024-11-06 09:40:00,23.851133141799906,43.885610158312076,1014.220492217512,1
2024-11-06 09:50:00,25.241344195101355,56.434411750824786,1014.3695554342358,0
2024-11-06 10:00:00,24.35540200186651,69.48071791926932,1005.3841376791307,0
2024-11-06 10:10:00,21.3293112825798,63.58781657180283,1010.3429429943079,0
2024-11-06 10:20:00,24.760395702011927,71.02472294898998,1012.034589629967,0
2024-11-06 10:30:00,25.221171490567645,67.45001347803094,1018.2515977613817,0
2024-11-06 10:40:00,25.11958089586208,64.76150521166524,1009.9449943795519,0
2024-11-06 10:50:00,26.161561451109243,75.01324748763112,1016.9817000987441,0
2024-11-06 11:00:00,25.66784430909781,81.47237954426123,1012.9918914151831,1
2024-11-06 11:10:00,24.918360158456874,76.75449824430845,1012.9918914151831,0
2024-11-06 11:20:00,23.859668577082704,83.11431004114665,1012.9918914151831,0
2024-11-06 11:30:00,20.678078132968018,47.48429406411214,1012.9918914151831,0
2024-11-06 11:40:00,24.85923643826517,63.95395934051277,1012.9918914151831,0
2024-11-06 11:50:00,24.41537537432622,52.644353939295726,1012.9918914151831,0
2024-11-06 12:00:00,24.54315767439075,66.62204436100947,1011.7602289633605,0
2024-11-06 12:10:00,21.44650284835938,67.22998280432726,1010.6001592692563,0
2024-11-06 12:20:00,21.837886919183475,54.35163228222605,1010.4200950532546,0
2024-11-06 12:30:00,26.106305706665808,46.932410139621204,1015.0843653129502,0
2024-11-06 12:40:00,23.92088969228669,38.3128169781333,1016.2931597639525,0
2024-11-06 12:50:00,25.36300139474525,43.223703415785664,1014.1609725232116,0
2024-11-06 13:00:00,24.05663675226092,44.00932140081072,1017.9770759522473,0
2024-11-06 13:10:00,24.05951227899149,66.02775701969203,1015.8778096291518,0
2024-11-06 13:20:00,25.876567611951995,55.92659669781557,1011.5247190509718,0
2024-11-06 13:30:00,22.967910543565253,58.1168361927359,1010.6857185714281,0
2024-11-06 13:40:00,24.192241553881967,37.23663192851899,1014.5641111838343,0
2024-11-06 13:50:00,23.075449422589916,45.416268566261905,1015.8688355495095,0
2024-11-06 14:00:00,23.13100754513537,62.096638211570294,1019.9892215351575,0
2024-11-06 14:10:00,23.38165575306272,57.29419289906069,1018.9558652247005,0
2024-11-06 14:20:00,24.444267543267426,53.822357770515225,1010.2926349674642,0
2024-11-06 14:30:00,23.042502756673045,59.51873886880098,1012.4899685993637,0
2024-11-06 14:40:00,26.511512251147042,68.08638244908651,1016.3550890245889,0
2024-11-06 14:50:00,22.210785395560993,53.2316602917036,1018.3399888902949,0
2024-11-06 15:00:00,23.626256711677282,55.55495842126456,1017.694847343524,0
2024-11-06 15:10:00,23.12053788345165,56.54077534985044,1012.6806108358433,0
2024-11-06 15:20:00,26.893955768707464,74.13687708219194,1006.7298867378574,0
2024-11-06 15:30:00,24.393109553023148,38.205149884647795,1008.005318118772,0
2024-11-06 15:40:00,26.06368907893727,60.46578411831047,1014.363167571597,0
2024-11-06 15:50:00,21.028879253926057,54.08158200992749,1014.7111278971217,0
2024-11-06 16:00:00,24.534100531738517,59.53417380947344,1007.5066031328281,0
2024-11-06 16:10:00,25.779261591246875,49.741019568042205,1013.2228480544463,0
2024-11-06 16:20:00,24.16456797855085,54.6082797531324,1016.1561217848589,0
2024-11-06 16:30:00,26.130960750130704,60.69128463572396,1007.2438667124643,0
2024-11-06 16:40:00,22.965423099799256,79.90328160835072,1018.5249860090221,0
2024-11-06 16:50:00,26.81869488037116,61.46428951521657,1011.1123442572009,0
2024-11-06 17:00:00,28.5977962472385,48.21547521575593,1019.2880655628833,0
2024-11-06 17:10:00,23.27432287912068,51.60992254381837,1010.3327377711205,0
2024-11-06 17:20:00,23.108994957198455,51.372687132929165,1007.8668725855791,0
2024-11-06 17:30:00,26.906768954235403,40.63485461895988,1010.7093150507914,0
2024-11-06 17:40:00,27.159144291461423,52.3592784663885,1012.5242593846134,0
2024-11-06 17:50:00,22.954279945693465,60.86263265457396,1011.0576004661426,0
2024-11-06 18:00:00,23.159626365808286,44.80614304738564,1011.9199928921345,0
2024-11-06 18:10:00,23.436430782278986,63.38786120840474,1014.669825748381,0
2024-11-06 18:20:00,21.311098977931447,58.902198568674706,1012.144103151018,0
2024-11-06 18:30:00,22.162696107031604,49.126133424231696,1012.6694380302399,0
2024-11-06 18:40:00,21.991718466495865,53.86776290129722,1004.453868003987,0
2024-11-06 18:50:00,22.464404869791743,67.78657446112827,1014.9584900800523,0
2024-11-06 19:00:00,23.930630225226437,60.86838250804693,1012.5539835115417,0
2024-11-06 19:10:00,24.46842946507304,55.07026923918518,1021.0514649024144,0
2024-11-06 19:20:00,27.101000985628154,53.098533464312126,1008.3021741637302,0
2024-11-06 19:30:00,22.003291918522418,55.61287256361328,1003.9585233575024,0
2024-11-06 19:40:00,25.968644796953168,50.905891536461574,1016.0903424696502,0
2024-11-06 19:50:00,23.57202231154898,38.16200395424788,1014.732635091565,0
2024-11-06 20:00:00,23.901072580695136,71.33742328427785,1007.9578348973442,0
2024-11-06 20:10:00,25.349638984333208,56.24259999359521,1005.3512552249796,0
2024-11-06 20:20:00,21.754555956875404,58.1851781209803,1020.6869836534214,0
2024-11-06 20:30:00,24.7648194923681,54.53673800098473,1020.0705519530339,0
2024-11-06 20:40:00,24.33290441642611,49.1190655942033,1000.5627162064693,0
2024-11-06 20:50:00,24.9849025280163,53.512604152409835,1010.7088848537174,0
2024-11-06 21:00:00,24.578337287815636,42.20484190244551,1021.3209602739195,0
2024-11-06 21:10:00,28.91060027982179,73.21669198442643,1010.6196872111107,0
2024-11-06 21:20:00,22.724520031497367,45.123904012620834,1010.5469388298667,0
2024-11-06 21:30:00,22.938006089996364,46.744269729222566,1011.5862033618531,0
2024-11-06 21:40:00,37.89046686931733,51.4779263649088,1007.3955151311592,1
2024-11-06 21:50:00,22.88904576167949,65.30460579881903,1004.4761212788598,0
2024-11-06 22:00:00,22.725225745386965,55.11607199410123,1018.2627365536738,0
2024-11-06 22:10:00,26.378033062215103,45.110913631756304,1003.7853154687616,0
2024-11-06 22:20:00,26.84100849597971,65.03470688605871,1014.2363572605437,0
2024-11-06 22:30:00,22.858507412501048,60.84800501428385,1017.4328974637882,0
2024-11-06 22:40:00,22.335288853791543,59.30747965773162,1005.7438685054942,0
2024-11-06 22:50:00,24.942831112772808,60.72587392936672,1008.3786579870247,0
2024-11-06 23:00:00,22.895553911438057,74.15489520465961,1019.0658959419579,0
2024-11-06 23:10:00,25.26586363551102,72.4807591602889,1015.6644586011352,0
2024-11-06 23:20:00,24.4058460417026,49.506277255973636,1009.9135714656055,0
2024-11-06 23:30:00,20.968511770005534,67.99107994248922,1019.0112450168059,0
2024-11-06 23:40:00,27.095010402660122,58.065345518071204,1019.0326786172715,0
2024-11-06 23:50:00,27.591755346191043,58.99276652910199,1014.3452634650786,0
2024-11-07 00:00:00,22.774422619031228,41.46183334685337,1008.4991988606317,0
2024-11-07 00:10:00,23.224596880128033,53.63691387689443,1010.932756482641,0
2024-11-07 00:20:00,24.57173078144981,48.49741127730748,1014.4319337197769,1
2024-11-07 00:30:00,24.66891357997405,61.62447051914647,1014.4319337197769,0
2024-11-07 00:40:00,36.167370708899156,63.56864400322244,1014.4319337197769,1
2024-11-07 00:50:00,28.020409077532697,38.40410919186951,1014.4319337197769,0
2024-11-07 01:00:00,23.646105545011903,54.823721087965836,1014.4319337197769,0
2024-11-07 01:10:00,22.403405510923093,63.974892038354014,1014.4319337197769,0
2024-11-07 01:20:00,21.241361543970946,53.50656830149244,1010.5422779309655,0
2024-11-07 01:30:00,22.538139920116162,60.832509160018915,1009.8647569265113,0
2024-11-07 01:40:00,23.933746054252406,57.80932374101667,1004.1597164041281,0
2024-11-07 01:50:00,27.589115727035576,57.73328185562101,1013.0977292239909,0
2024-11-07 02:00:00,22.964777401927655,52.82948017545362,1012.7362244599962,0
2024-11-07 02:10:00,24.447575903277798,45.26735356691432,1016.2673949097587,0
2024-11-07 02:20:00,23.967154207854495,46.02775882059978,1013.3445306656049,0
2024-11-07 02:30:00,26.376786546896167,60.67482011564254,1012.3369796087975,0
2024-11-07 02:40:00,29.053864851747242,55.15566604415106,1018.8850031839517,0
2024-11-07 02:50:00,22.938262454159357,53.8919020431422,1006.4376634827572,0
2024-11-07 03:00:00,23.021121114963556,51.60887966142118,1015.6819460942379,0
2024-11-07 03:10:00,26.088321754138143,52.55848923615399,1004.6442641760233,0
2024-11-07 03:20:00,25.363782979252623,63.37529435590511,1008.808190599996,0
2024-11-07 03:30:00,27.693414651472068,52.31804734505579,1006.9367143368835,0
2024-11-07 03:40:00,25.16785637065193,44.271482293587454,1016.9097126772596,1
2024-11-07 03:50:00,23.28141581842588,60.949214204321386,1016.9097126772596,0
2024-11-07 04:00:00,25.181309661384617,53.36098668908226,1016.9097126772596,0
2024-11-07 04:10:00,26.217407161165816,55.251166924262215,1016.9097126772596,0
2024-11-07 04:20:00,42.58251809365031,67.86062645119608,1016.9097126772596,1
2024-11-07 04:30:00,25.014548062214594,54.835515541195946,1016.9097126772596,0
2024-11-07 04:40:00,26.13334937917831,57.313469384949805,1014.9172750742711,0
2024-11-07 04:50:00,42.70488236534183,45.568612069613394,1008.0445443233419,1
2024-11-07 05:00:00,26.764317982075056,53.24264438119232,1019.6489718260253,0
2024-11-07 05:10:00,25.297419775179286,59.87620836166881,1004.6220977518796,0
2024-11-07 05:20:00,23.665763839366292,42.55701012927006,1008.9674008377172,0
2024-11-07 05:30:00,24.293427372866645,56.60676074492568,1021.3860025498304,0
2024-11-07 05:40:00,26.413017933016715,55.80632858115845,1010.8243062601898,0
2024-11-07 05:50:00,22.366128658025527,55.330299644699515,1006.425606677978,0
2024-11-07 06:00:00,24.737346617745803,63.29727118926594,1014.0953578126883,0
2024-11-07 06:10:00,23.213322375345278,57.67550811878817,1010.6230387889273,0
2024-11-07 06:20:00,24.057489645869634,66.82457518685155,1008.8206487219085,0
2024-11-07 06:30:00,26.556903725214596,47.05128387524771,1007.5206459460064,0
2024-11-07 06:40:00,24.382198136039808,56.087396537746784,1026.8418680281297,0
2024-11-07 06:50:00,24.092873096312296,55.67573429111958,1011.7422404990793,0
2024-11-07 07:00:00,21.28028771804016,46.44596404995936,1003.3721631983357,0
2024-11-07 07:10:00,25.492507132054442,62.65036001673077,1020.4685487950277,0
2024-11-07 07:20:00,25.29096836228215,73.59738644682254,1016.0553545255528,0
2024-11-07 07:30:00,28.32650944661092,54.86395140412935,1009.1676678449011,0
2024-11-07 07:40:00,23.384443530094,59.04016870619014,1008.3344045565693,1
2024-11-07 07:50:00,24.43830065532788,58.67614780652262,1016.3673639807912,0
2024-11-07 08:00:00,24.49876736742151,55.29132264074259,1011.7654083625528,0
2024-11-07 08:10:00,27.15490655952695,49.43391777758387,1003.3701109077745,0
2024-11-07 08:20:00,23.809408935226095,61.35381213523708,1021.9361998230233,0
2024-11-07 08:30:00,24.55804305154068,58.86433295238615,1010.8300476889202,0
2024-11-07 08:40:00,25.21579301943308,86.63281662447294,1020.4778586824121,1
2024-11-07 08:50:00,24.373218246312717,75.07912244861409,1020.4778586824121,0
2024-11-07 09:00:00,23.107132770898943,76.23264536762264,1020.4778586824121,1
2024-11-07 09:10:00,24.388179985796615,92.11323059830245,1020.4778586824121,0
2024-11-07 09:20:00,26.147263499719543,82.02599117715289,1020.4778586824121,0
2024-11-07 09:30:00,21.94696940117788,57.86508769596358,1020.4778586824121,0
2024-11-07 09:40:00,24.265939348293752,67.54457815398897,1010.8770091698893,0
2024-11-07 09:50:00,22.599758370121652,78.23015193138784,1014.9881875088814,0
2024-11-07 10:00:00,26.390093257849685,77.0134803613503,1010.6863167600183,0
2024-11-07 10:10:00,20.953626190432452,77.98660114012705,1011.4647582953745,0
2024-11-07 10:20:00,22.882156305456824,79.62494188188813,1018.7178302246431,0
2024-11-07 10:30:00,24.754423750129043,85.2018868442142,1013.5324699014504,0
2024-11-07 10:40:00,27.131048058468682,86.61322324103404,1008.7835084435752,0
2024-11-07 10:50:00,23.868499477854023,46.76022180178451,1016.5101516183366,0
2024-11-07 11:00:00,22.889600946613605,55.36863377306521,1013.9883778347712,0
2024-11-07 11:10:00,27.76231413888118,46.410490728657976,1000.3919759926898,0
2024-11-07 11:20:00,21.10397219916751,55.648660343206586,1015.1417645688573,0
2024-11-07 11:30:00,19.602388086759838,51.15481646809407,1014.9591435385805,0
2024-11-07 11:40:00,24.880028900106666,75.3150529822629,1013.1006056479043,0
2024-11-07 11:50:00,22.99589155129478,54.68084492998631,1017.4585029053479,0
2024-11-07 12:00:00,21.957534365738574,43.76608346990729,1009.6380320783675,0
2024-11-07 12:10:00,25.416712894598707,53.926558314584604,1014.6824989441045,0
2024-11-07 12:20:00,24.487601427542398,59.1548699651031,1005.1652031441632,0
2024-11-07 12:30:00,22.871842738526542,68.38691156922019,1015.0354519169941,0
2024-11-07 12:40:00,21.43939120265821,50.284380800490254,1022.7652984776995,0
2024-11-07 12:50:00,25.74491465656029,42.340576207810884,1008.0257182376623,0
2024-11-07 13:00:00,25.30040235591732,61.53469609144785,1009.2009893400611,0
2024-11-07 13:10:00,23.801648272441234,43.955210352802794,1009.4499227855422,0
2024-11-07 13:20:00,27.69327399209533,51.51075646794012,1013.649991129008,0
2024-11-07 13:30:00,21.859830467347695,52.939036115912046,1007.6848186357314,0
2024-11-07 13:40:00,20.94894965815052,54.442932373599135,1015.1062368934549,0
2024-11-07 13:50:00,22.616183860237513,60.513315656594685,1017.2341997273459,0
2024-11-07 14:00:00,23.908827967289003,49.5309257417089,1015.671736067269,0
2024-11-07 14:10:00,24.486678898645383,52.810165982665914,1004.1579228718097,0
2024-11-07 14:20:00,23.51752788428734,54.88583717640489,1017.975838325793,0
2024-11-07 14:30:00,24.704110793028594,56.1967836601503,1017.6868370712684,0
2024-11-07 14:40:00,21.496921151619112,55.78261739766338,1017.1508068617316,0
2024-11-07 14:50:00,26.887529208146518,58.48804620178064,1014.8642112432791,0
2024-11-07 15:00:00,23.835697643214864,61.7507160771339,1014.1009465710257,0
2024-11-07 15:10:00,26.234591663176253,58.141072925207745,1018.161946990632,0
2024-11-07 15:20:00,24.68545069275541,58.62868418807375,1022.6175674380173,0
2024-11-07 15:30:00,24.913506438307568,42.34221466602818,1008.2347976831758,0
2024-11-07 15:40:00,25.13953456046441,55.401821593325444,1018.3906269789738,0
2024-11-07 15:50:00,24.89541712003463,58.83606038401287,1012.5689145099627,0
2024-11-07 16:00:00,25.285445519735088,60.8315295565636,1012.351634739857,0
2024-11-07 16:10:00,26.658305060264862,49.46119380612964,1005.3173465480899,0
2024-11-07 16:20:00,24.39304233940294,49.72768580089084,1011.576052952423,0
2024-11-07 16:30:00,25.418007515177024,50.40719459773121,1008.0136752101579,0
2024-11-07 16:40:00,23.820528611425548,59.291311199130746,1010.6807278524702,0
2024-11-07 16:50:00,26.880234430898945,63.27104843939367,1007.5090680811093,0
2024-11-07 17:00:00,22.64721539588146,51.740319141667186,1010.755458063435,0
2024-11-07 17:10:00,27.60188086582163,62.26369850901639,1010.969448214883,0
2024-11-07 17:20:00,23.919684098711315,55.98783847331676,1013.483774592194,0
2024-11-07 17:30:00,21.138449795763904,54.00571378270051,1004.9262506885433,0
2024-11-07 17:40:00,24.256208829821578,53.30892616145625,1005.7724092612734,0
2024-11-07 17:50:00,22.637896685050237,60.972890916817256,1014.8095713536526,0
2024-11-07 18:00:00,25.68128709797745,57.60462253429656,1009.0128094146495,0
2024-11-07 18:10:00,22.69475204139522,73.2066034211811,1018.3726489511497,0
2024-11-07 18:20:00,23.10763313357044,48.182202856021405,1014.1263486100752,0
2024-11-07 18:30:00,20.22091853810894,59.14481361623981,1016.0338107510321,0
2024-11-07 18:40:00,23.095387361501846,50.766391921507896,1020.0534616021044,0
2024-11-07 18:50:00,19.152241346742088,48.04570410409085,1011.4514459409671,0
2024-11-07 19:00:00,20.832194353028555,54.913062903720224,1010.1275664729186,0
2024-11-07 19:10:00,25.520829312288594,56.098819835256286,1017.3585129279941,0
2024-11-07 19:20:00,25.571600317301666,78.34538844048075,1015.5475678196484,0
2024-11-07 19:30:00,24.85091512356993,53.526833474534385,1012.0633484508935,0
2024-11-07 19:40:00,22.066047713741575,45.958570164122534,1019.9572898347797,0
2024-11-07 19:50:00,23.90457728771604,57.18408573995509,1011.9387784508003,0
2024-11-07 20:00:00,23.992794921818863,38.402879699629054,1013.1638681877789,0
2024-11-07 20:10:00,21.683270621614916,54.264345739165876,1013.1061132541713,0
2024-11-07 20:20:00,27.0067966035343,55.128202258361284,1008.3270305255077,0
2024-11-07 20:30:00,25.754724581151343,61.35680306356169,1013.387926947432,0
2024-11-07 20:40:00,23.558071652340672,62.788977995422776,1019.9838008869924,0
2024-11-07 20:50:00,24.05377167798906,50.97144304873826,1015.2248415768809,0
2024-11-07 21:00:00,24.416765615895105,53.79508788296054,1013.1553171319947,0
2024-11-07 21:10:00,19.91653026315142,48.87103335511463,1012.1911635941716,0
2024-11-07 21:20:00,23.505645234958806,45.97549956153845,1014.6543351420318,0
2024-11-07 21:30:00,22.636031504004404,57.47915823504508,1016.748833142446,0
2024-11-07 21:40:00,21.996759980210168,44.81131561122721,1016.0461941544488,0
2024-11-07 21:50:00,23.437799414228092,51.68298479542509,1011.3406756908901,0
2024-11-07 22:00:00,27.595373053699046,47.0386083208061,1014.6239079705506,0
2024-11-07 22:10:00,25.28168572253402,59.39746549032208,1015.3996987057413,0
2024-11-07 22:20:00,22.857642020434405,69.4114407941319,1007.9640250623651,0
2024-11-07 22:30:00,25.145165562712318,44.58729613757335,1013.8411527059185,0
2024-11-07 22:40:00,26.798710873172006,40.175852136819444,1002.1934805684882,1
2024-11-07 22:50:00,25.849267365825536,57.00090491719946,1015.4126685491059,0
2024-11-07 23:00:00,24.11926073984035,61.12558236766207,1016.3017152728135,0
2024-11-07 23:10:00,22.706126444588854,65.74927445405838,1016.7377306289322,0
2024-11-07 23:20:00,25.39644662722718,63.42943587812524,1011.0247657391521,0
2024-11-07 23:30:00,24.7869707708435,68.39488560939654,1014.5452341751202,0
2024-11-07 23:40:00,25.790386440055464,75.94008328432481,1020.1197692277059,0
2024-11-07 23:50:00,25.27034360336394,84.32344714115871,1020.0688482414563,0
2024-11-08 00:00:00,26.09910543063867,63.35960983745374,1012.8541365038672,0
2024-11-08 00:10:00,22.929529576878863,79.04848448774831,1013.6965981536478,0
2024-11-08 00:20:00,26.63478813126865,86.7104703515285,1018.5545557236721,0
2024-11-08 00:30:00,24.3951992093848,47.656191163114116,1005.4959899236891,0
2024-11-08 00:40:00,28.15052174525053,68.8493570541384,1011.3846212866149,0
2024-11-08 00:50:00,22.621624363820864,49.9167209581701,1019.6778522776838,0
2024-11-08 01:00:00,27.4719276063305,54.66965850394174,1017.8760027084238,0
2024-11-08 01:10:00,24.395821566925296,59.44817677473833,1014.8463188882495,0
2024-11-08 01:20:00,22.697163992771102,50.26972168958484,1005.4708379733469,0
2024-11-08 01:30:00,23.032228331891357,40.22741561756466,1012.7504488347942,0
2024-11-08 01:40:00,23.35930538361136,51.57076378466773,1010.0504230187503,0
2024-11-08 01:50:00,24.848331892803834,63.235524447416324,1014.655194514086,0
2024-11-08 02:00:00,25.045670976070998,52.30483898571889,1008.9532665760256,0
2024-11-08 02:10:00,22.85259999212284,48.22852558832817,1007.871383025127,0
2024-11-08 02:20:00,23.951290815478036,62.40537767602177,1002.6756736115818,0
2024-11-08 02:30:00,28.284540717223727,52.353800831815576,1019.1090234248835,0
2024-11-08 02:40:00,27.455086340201422,50.91871349079826,1011.0011474427847,0
2024-11-08 02:50:00,24.872647339348063,56.195648717306476,1013.7857289185126,0
2024-11-08 03:00:00,24.0760069563364,61.1660016769503,1012.9888094176291,0
2024-11-08 03:10:00,24.24006265343652,74.05370825386036,1007.6628303351976,0
2024-11-08 03:20:00,25.227035945460834,61.61788886125939,1006.704675442759,0
2024-11-08 03:30:00,21.954414869603188,64.27871973110675,1007.9734243700138,0
2024-11-08 03:40:00,23.48524692515331,50.95227040809716,1009.3841578058531,0
2024-11-08 03:50:00,20.66283185224482,46.79305515224419,1014.833031235069,0
2024-11-08 04:00:00,24.79844624521056,55.49865079695299,1009.0214116823969,0
2024-11-08 04:10:00,25.29439187940548,55.85735932207677,1021.732453157973,0
2024-11-08 04:20:00,23.033627075401252,46.37189806908322,1018.1357551794657,0
2024-11-08 04:30:00,27.147973526580067,53.597643760767895,1017.0417977483286,0
2024-11-08 04:40:00,21.548468673995316,58.19454081375305,1012.4017054876342,0
2024-11-08 04:50:00,21.07125023958036,57.88314716014464,1020.5714036786025,0
2024-11-08 05:00:00,24.448903637119944,59.03430282707418,1011.9099718443944,0
2024-11-08 05:10:00,26.094196605224308,57.32771784109954,1012.8436929292287,0
2024-11-08 05:20:00,27.36785538291574,50.94393072583955,1013.8498726987464,0
2024-11-08 05:30:00,23.08223147426212,50.88879498680925,1016.5091152027168,0
2024-11-08 05:40:00,26.15736166686259,45.40838881604899,1016.1845403950149,0
2024-11-08 05:50:00,23.922983060998586,69.27820031348077,1010.624373607777,0
2024-11-08 06:00:00,23.65474540011836,55.10760291695434,1010.3350314028702,0
2024-11-08 06:10:00,25.767319874973346,53.201175553641185,1016.1995147857605,0
2024-11-08 06:20:00,25.30464575682684,47.56966334838033,1016.5761829194562,0
2024-11-08 06:30:00,20.8472156860315,78.48526321862222,1011.0332443758856,0
2024-11-08 06:40:00,26.953080699451792,46.413375742216836,1005.0640596516077,0
2024-11-08 06:50:00,26.760182708294902,51.56921659515141,1011.9634195199587,0
2024-11-08 07:00:00,22.74887459698094,58.326694690288484,1016.1176289941293,0
2024-11-08 07:10:00,24.791607066874818,59.80170372595422,1022.0270842320989,0
2024-11-08 07:20:00,24.988060372565478,62.66345644172547,1007.0102101882967,0
2024-11-08 07:30:00,24.521347531647812,69.4608680621541,1010.8671437358471,0
2024-11-08 07:40:00,22.89938969230916,59.0492612436857,1011.0529821923731,0
2024-11-08 07:50:00,22.656753264123896,46.55175360026666,1019.7790266971575,0
2024-11-08 08:00:00,23.94889185801711,52.94443899902575,1012.8252924977069,0
2024-11-08 08:10:00,26.34545803851873,57.46265898011108,1008.4633672031387,0
2024-11-08 08:20:00,25.087200309188866,71.54580833204659,1015.7934764146091,0
2024-11-08 08:30:00,23.258771335827788,43.81755617260562,1010.9768073997952,0
2024-11-08 08:40:00,25.54339742129669,64.62061204180182,1006.8780636332102,0
2024-11-08 08:50:00,18.30291475873985,56.439314956371334,1008.5361334636192,0
2024-11-08 09:00:00,26.297531400744205,61.702644281835845,1021.6702097721131,0
2024-11-08 09:10:00,20.5205724424438,54.18404226691254,1014.9210461082473,0
2024-11-08 09:20:00,23.275118117193735,48.260538958989386,1013.5388002772627,0
2024-11-08 09:30:00,21.760660210747712,61.00698223521066,1011.7505313209398,0
2024-11-08 09:40:00,21.41063704855819,60.23544821684497,1014.460744210594,0
2024-11-08 09:50:00,26.32165357475704,62.77645572591778,1014.4011797300125,0
2024-11-08 10:00:00,23.064597597376217,54.893562916970915,1014.4608441410367,0
2024-11-08 10:10:00,24.69300776346143,50.2014238134412,1013.5742254513888,0
2024-11-08 10:20:00,23.90615884224163,42.52970403980927,1017.3439916915278,0
2024-11-08 10:30:00,24.95408165444624,61.55498614511525,1013.1155217300037,0
2024-11-08 10:40:00,24.15364378212051,58.39111585955189,1008.1103058222368,0
2024-11-08 10:50:00,21.43401555162286,47.273738937088325,1009.9378855454956,0
2024-11-08 11:00:00,25.99253363889428,50.691410613627006,1003.1049065325515,0
2024-11-08 11:10:00,23.012486833677375,51.265929504388474,1023.134085580212,0
2024-11-08 11:20:00,20.8868362026805,43.13612454414066,1017.3137729597635,0
2024-11-08 11:30:00,23.143769678068175,48.45854082715893,1008.8496475243538,0
2024-11-08 11:40:00,27.00151958126862,45.92935714554917,1011.5907757530146,0
2024-11-08 11:50:00,25.700443484226987,51.7001679048965,1009.8156176289679,0
2024-11-08 12:00:00,23.302695731184283,49.0904200133635,1020.7127360568705,0
2024-11-08 12:10:00,23.301484591363142,41.98396063306601,1005.9006141786454,0
2024-11-08 12:20:00,23.356729897565234,71.18072184455585,1013.5723802940939,1
2024-11-08 12:30:00,28.153495967121682,68.02032584823385,1012.4573607871757,0
2024-11-08 12:40:00,24.763870904463108,54.76784462784011,1017.1341931535455,0
2024-11-08 12:50:00,24.86008329438214,66.17937117322887,1012.4799538613765,0
2024-11-08 13:00:00,26.060566908063684,70.33972071857036,1004.2089556167228,0
2024-11-08 13:10:00,35.64098055049409,79.52868683818781,1011.7444108267878,1
2024-11-08 13:20:00,23.481915708358592,66.45115978671937,1008.1391889102833,0
2024-11-08 13:30:00,23.607300301830044,84.73685427185941,1013.3978977327828,0
2024-11-08 13:40:00,23.85679748117187,74.61675756634452,1020.1708851826016,0
2024-11-08 13:50:00,23.925555526980318,71.31310076665109,1004.3028737788386,0
2024-11-08 14:00:00,25.45525908727396,90.79309247451599,1008.9988863230005,0
2024-11-08 14:10:00,24.1038917716146,65.32606739297943,1010.2365352310825,0
2024-11-08 14:20:00,25.46528015443116,75.70327178824547,1011.0918445229339,0
2024-11-08 14:30:00,23.838566839782835,45.40219787927829,1016.7006283205262,0
2024-11-08 14:40:00,24.15727038063218,60.59135748064631,1012.1322779121931,0
2024-11-08 14:50:00,20.003598630935784,51.72159004965174,1015.0790136286022,0
2024-11-08 15:00:00,25.832655349404963,61.26686968419225,1009.8711347813411,0
2024-11-08 15:10:00,24.692976951795984,43.236083590149995,1014.1496217270897,0
2024-11-08 15:20:00,25.996020219719306,44.89784179441149,1016.8889881543886,0
2024-11-08 15:30:00,18.20748924361262,48.793001414668126,1009.3385022513146,0
2024-11-08 15:40:00,28.176749409561456,55.631712365344676,1016.9067905990325,1
2024-11-08 15:50:00,23.720820743689654,49.871349867693155,1016.9067905990325,0
2024-11-08 16:00:00,26.216365633475032,60.27243475130736,1016.9067905990325,0
2024-11-08 16:10:00,21.920188145748938,63.21515694606332,1016.9067905990325,0
2024-11-08 16:20:00,25.22554781012514,59.79662032996285,1016.9067905990325,0
2024-11-08 16:30:00,21.893168873652687,67.95030111728694,1016.9067905990325,0
2024-11-08 16:40:00,22.75246207860839,58.326613035642744,1012.5189386897971,0
2024-11-08 16:50:00,27.828062707733572,45.26482631727866,1014.2946521411285,0
2024-11-08 17:00:00,23.618635198473307,65.90701210830672,1015.6840373461246,0
2024-11-08 17:10:00,24.434865746359446,50.15875011515202,1006.75217544038,0
2024-11-08 17:20:00,25.74013546137751,62.28334799748456,1020.1681680440894,0
2024-11-08 17:30:00,24.99136377594521,67.58987373244085,1003.701684797251,0
2024-11-08 17:40:00,24.300837810287153,58.653504085843196,1009.5759394513055,0
2024-11-08 17:50:00,24.72992200493245,43.0307294946828,1012.5286546461755,0
2024-11-08 18:00:00,28.80683117047655,47.65430266792167,1015.0617798454298,0
2024-11-08 18:10:00,23.88476240593283,65.58195573508108,1020.8808626387068,0
2024-11-08 18:20:00,24.402198093429934,53.64701851485747,1003.7085425588745,0
2024-11-08 18:30:00,26.101308792015224,55.63658827953733,1010.4615293580514,0
2024-11-08 18:40:00,26.21105186591597,61.07059532930887,1002.3658325610037,0
2024-11-08 18:50:00,26.37406061112076,60.57058289664259,1013.1581098695513,0
2024-11-08 19:00:00,25.27746044405837,57.230398499083684,1014.3584179225002,0
2024-11-08 19:10:00,21.713990174539035,53.33065303023627,1020.9539787108563,0
2024-11-08 19:20:00,27.26686306460219,52.49865243414114,1013.6031738044672,0
2024-11-08 19:30:00,41.65782674671268,61.86319060233075,1018.220125647212,1
2024-11-08 19:40:00,24.605270930478067,59.42855624854235,1015.9191854076953,0
2024-11-08 19:50:00,22.491448299961284,52.941599995057686,1010.8237590149741,0
2024-11-08 20:00:00,23.871723306814015,63.65689850394513,1005.9551962660398,0
2024-11-08 20:10:00,24.657524820606962,53.96772707896173,1014.3750114914591,0
2024-11-08 20:20:00,24.642714430900547,48.186702605324854,1005.5394899142732,1
2024-11-08 20:30:00,24.843841508470568,48.92823440877324,1005.5394899142732,0
2024-11-08 20:40:00,27.227422538117295,47.17007330952187,1005.5394899142732,0
2024-11-08 20:50:00,24.90706860302796,52.8207198671705,1005.5394899142732,0
2024-11-08 21:00:00,23.511686729418702,64.86979422668955,1005.5394899142732,0
2024-11-08 21:10:00,25.928174336576713,48.55923855175593,1005.5394899142732,0
2024-11-08 21:20:00,26.378940977849282,56.507806088144825,1014.0467442866734,0
2024-11-08 21:30:00,21.544784369726017,49.746485234980696,1012.7747794099454,0
2024-11-08 21:40:00,25.194800139699716,52.9175276698285,1010.8367024330171,0
2024-11-08 21:50:00,25.402345484621797,42.919670304117986,1014.9622800923526,0
2024-11-08 22:00:00,23.404872993280016,53.2356941667477,1008.369183682584,0
2024-11-08 22:10:00,26.75141362662324,53.4503569615603,1006.9528233552047,0
2024-11-08 22:20:00,23.699888825934945,59.32230355228556,1019.2141344666342,0
2024-11-08 22:30:00,24.251152906943084,56.786247306042966,1016.6358399444605,0
2024-11-08 22:40:00,23.65385635143226,45.41286300038364,1013.3294580430112,0
2024-11-08 22:50:00,24.031158095162937,63.67358595234834,1021.3257119127189,0
2024-11-08 23:00:00,21.807449826209595,56.68242432177596,1011.6611724063757,0
2024-11-08 23:10:00,21.119898234811412,56.587148137419895,1019.613516099945,0
2024-11-08 23:20:00,27.189010126449944,54.92654117291889,1013.8778704246291,0
2024-11-08 23:30:00,22.306077303363345,50.85794042222224,1007.876246249618,0
2024-11-08 23:40:00,22.017215301087386,56.74241871798981,1022.2402009588543,0
2024-11-08 23:50:00,19.69321977279257,58.80470748742866,1017.9535542331204,0
2024-11-09 00:00:00,22.722076504620997,41.02483446923556,1012.3948948449522,0
2024-11-09 00:10:00,21.353820413185005,50.689913301231236,1016.6358562976698,0
2024-11-09 00:20:00,27.284030320272738,52.96042423677129,1010.9814828300105,0
2024-11-09 00:30:00,26.01963417868527,57.04936484555422,1017.1457451752977,0
2024-11-09 00:40:00,22.623699309644554,64.546488047417,1001.0446071735802,0
2024-11-09 00:50:00,28.504871610688618,48.82607348322574,1007.900993331527,0
2024-11-09 01:00:00,25.96353097398319,51.016305225457266,1017.8962987214348,0
2024-11-09 01:10:00,23.350337232982756,50.8997271148276,1011.7517223089054,0
2024-11-09 01:20:00,19.001188570252854,48.58777927916367,1014.0377114744437,0
2024-11-09 01:30:00,28.581885145181484,52.2225080391019,1006.2660716894228,0
2024-11-09 01:40:00,21.220855066472808,61.166417759903766,1022.2393349785106,0
2024-11-09 01:50:00,20.709202506086218,46.56931603708524,1018.9526482185884,0
2024-11-09 02:00:00,26.04514086401928,58.422515161223224,1011.9965739081233,0
2024-11-09 02:10:00,28.879504812678547,41.384782159853316,1010.9765207156834,0
2024-11-09 02:20:00,26.768545637021035,50.50929602846235,1018.1480218070984,0
2024-11-09 02:30:00,25.12781824010472,52.36408559825611,1022.9123522508446,0
2024-11-09 02:40:00,25.189508683330573,68.39887738331252,1017.7688012790568,0
2024-11-09 02:50:00,25.706831117560615,52.801581561978495,1023.859013336983,0
2024-11-09 03:00:00,25.51785717957353,37.39005221239265,1008.3882433546904,0
2024-11-09 03:10:00,24.56238284793875,39.00888874511,1008.903065847506,0
2024-11-09 03:20:00,24.208402207903752,55.27223669077345,1007.0552944097333,0
2024-11-09 03:30:00,38.81717300827708,59.91016684631927,1015.2088032482474,1
2024-11-09 03:40:00,22.492070822266648,58.00364686101802,1013.8780177490219,0
2024-11-09 03:50:00,23.43864984626645,56.340560846407925,1012.2402443826401,0
2024-11-09 04:00:00,20.61408637160923,64.29807678004533,1017.0462931406165,0
2024-11-09 04:10:00,23.8033207464105,50.68327023410295,1019.1616430260733,0
2024-11-09 04:20:00,22.022817785698166,62.1592844482146,1005.3716879535658,0
2024-11-09 04:30:00,21.792821365568457,41.94388091978866,1010.0151398604944,0
2024-11-09 04:40:00,24.359788302306956,47.76041733649547,1017.1007179706153,0
2024-11-09 04:50:00,26.7840045726892,40.54366884054547,1010.6613065807071,0
2024-11-09 05:00:00,25.836633212004624,52.80123759464166,1009.0089696182092,0
2024-11-09 05:10:00,20.858998792753646,54.62991026186926,1018.092687138252,0
2024-11-09 05:20:00,22.020743726859326,55.91281193781216,1006.5524996513801,0
2024-11-09 05:30:00,25.88154237597643,55.49506682309708,1011.4921009610445,0
2024-11-09 05:40:00,22.03502521292338,47.57957335350618,1014.643220129024,0
2024-11-09 05:50:00,23.55073370000595,53.47807324469427,1010.1309004304494,0
2024-11-09 06:00:00,25.100104198049102,43.02042665115401,1016.9157782800659,0
2024-11-09 06:10:00,22.06331109027273,65.905831801058,1010.1556151240131,0
2024-11-09 06:20:00,24.21075101229192,52.57099141681599,1020.0430974672296,0
2024-11-09 06:30:00,21.33194901016359,51.08891104765047,1012.3712685125212,0
2024-11-09 06:40:00,22.797264712097572,67.71152262755267,1016.3563506835268,0
2024-11-09 06:50:00,24.639563868285073,45.062027731606165,1016.7301197649141,0
2024-11-09 07:00:00,20.814012532936662,45.99530308774425,1009.8622999862796,0
2024-11-09 07:10:00,24.880949475920797,46.23023740105148,1002.7325672567206,0
2024-11-09 07:20:00,23.96072440214664,54.457028946404144,1014.8037787733192,0
2024-11-09 07:30:00,25.104979908834295,58.45305303710078,1013.3614417356243,0
2024-11-09 07:40:00,24.447828268129324,60.91740374494267,1015.7791301378757,0
2024-11-09 07:50:00,26.728280859947688,75.57596253995975,1011.8673626380859,0
2024-11-09 08:00:00,24.250449005295813,37.00454036639389,1010.8478615059964,0
2024-11-09 08:10:00,23.141188917749496,59.869884712995336,1023.0423650549085,0
2024-11-09 08:20:00,24.244595006064568,50.54295541942215,1005.6382296924461,0
2024-11-09 08:30:00,25.086596058072775,50.30867880888981,1016.6697523918212,0
2024-11-09 08:40:00,24.097720140651408,50.041822973968976,1010.1269907090831,0
2024-11-09 08:50:00,24.081183382407765,47.729842633536215,1011.3211069112979,0
2024-11-09 09:00:00,22.59601662438649,68.47619867682761,1011.4144858371302,0
2024-11-09 09:10:00,22.674198164898105,61.73837861611122,1008.9828286291437,0
2024-11-09 09:20:00,21.194789456400613,55.185567828459,1015.8561210511812,0
2024-11-09 09:30:00,27.499153486373878,65.80812601989601,1019.9532179797498,0
2024-11-09 09:40:00,21.51227352921743,42.899768277609,1015.3500683062333,0
2024-11-09 09:50:00,22.614189604408185,44.35435894935259,1013.5169099810605,0
2024-11-09 10:00:00,22.563185468861604,37.5762581424425,1008.0677975045038,0
2024-11-09 10:10:00,25.789848753888883,49.4046836790137,1015.5841263291222,0
2024-11-09 10:20:00,23.410100643415944,56.293588213638024,1023.7817481586465,0
2024-11-09 10:30:00,26.49548414534747,55.822868623458675,1011.0965268810245,0
2024-11-09 10:40:00,22.653018751512263,56.194735288479045,1011.1200821032406,0
2024-11-09 10:50:00,24.557988324447603,43.711545351471344,1010.194554345095,0
2024-11-09 11:00:00,22.329305893480484,61.425237940912176,1010.5529288275279,0
2024-11-09 11:10:00,28.290298255546777,56.917020145911984,999.2735022316381,0
2024-11-09 11:20:00,21.624803161940974,60.864434251727985,1015.0251769292786,0
2024-11-09 11:30:00,24.619641420454055,39.85790257927958,1008.7722391182269,0
2024-11-09 11:40:00,25.267553761864196,57.49192687038232,1004.948684406041,0
2024-11-09 11:50:00,24.827598194902997,45.49787808065979,1016.7659497486627,0
2024-11-09 12:00:00,23.629424682244583,51.8214139795891,1007.5899110747903,0
2024-11-09 12:10:00,23.74035860053315,59.274919189091065,1011.3066547305812,0
2024-11-09 12:20:00,24.08762294395822,55.7287488500473,1020.3322119559429,0
2024-11-09 12:30:00,23.705995996743024,48.18768016176545,1005.9539210098774,0
2024-11-09 12:40:00,25.92775823358982,55.05018524947535,1005.3370088270112,0
2024-11-09 12:50:00,48.236082896214896,42.74771747805086,1014.3465309478117,1
2024-11-09 13:00:00,22.885016429984333,64.20213916718637,1018.7474368200518,0
2024-11-09 13:10:00,21.260394040841845,53.35772784402999,1005.1282914113402,0
2024-11-09 13:20:00,23.82343590329749,63.94839955404261,1015.0384486841859,0
2024-11-09 13:30:00,29.159418675308636,50.78774650323166,1015.9049976998084,0
2024-11-09 13:40:00,22.39265086406054,50.81139209274734,1002.7041975815384,0
2024-11-09 13:50:00,27.278233610888137,48.886505706897225,1016.9925066895361,0
2024-11-09 14:00:00,27.355401628152883,62.0093914535446,1017.3830293992108,0
2024-11-09 14:10:00,22.89282351658401,49.32455074137219,1011.4410721337199,0
2024-11-09 14:20:00,25.13796615837055,60.15676345932141,1019.26173181149,0
2024-11-09 14:30:00,27.256793246257075,51.94038081864568,1018.6822778716243,0
2024-11-09 14:40:00,23.241744518025026,39.192293600867046,1013.515589628586,0
2024-11-09 14:50:00,23.592839279795278,50.43748745770827,1010.7427730483753,0
2024-11-09 15:00:00,22.836638172102713,45.56713428509721,1008.1358605370853,0
2024-11-09 15:10:00,21.970486538614267,55.2712217894587,1012.812182453169,0
2024-11-09 15:20:00,22.701444909867988,45.476738114604075,1015.8487945985208,0
2024-11-09 15:30:00,21.55211946647549,62.40780080571693,1011.3791156947968,0
2024-11-09 15:40:00,24.068166936518452,54.27139311717578,1002.0124949736899,1
2024-11-09 15:50:00,22.460053537882715,56.57923204193009,1019.3435694728829,0
2024-11-09 16:00:00,24.467571823581494,66.24713710230066,1013.9511161092245,0
2024-11-09 16:10:00,20.888208707592746,71.7112554726069,1011.1018775166158,0
2024-11-09 16:20:00,24.661760464428916,66.83920998584279,1017.2857919421165,0
2024-11-09 16:30:00,25.66705792321785,63.830397603605675,1020.6231929824138,0
2024-11-09 16:40:00,20.01252871485709,58.808243071102964,998.9904421525605,0
2024-11-09 16:50:00,24.748113139695143,70.51160194371856,1015.1713182496104,0
2024-11-09 17:00:00,26.455337984946585,74.0623020268163,1005.8667539459483,0
2024-11-09 17:10:00,21.58071796261759,82.85645962393838,1015.4955525339947,0
2024-11-09 17:20:00,27.345144773675408,82.23882495089578,1013.6396360118729,0
2024-11-09 17:30:00,24.83803801873209,60.50346377641142,1016.1786326322027,0
2024-11-09 17:40:00,22.589976288483182,50.096133829834486,1010.5037619275267,0
2024-11-09 17:50:00,23.88846184468459,54.543670665176464,1003.6337994409042,0
2024-11-09 18:00:00,25.116653825043446,64.47189954557511,1010.7481590437167,0
2024-11-09 18:10:00,24.152010782824824,57.73460171163973,1015.0342381756989,0
2024-11-09 18:20:00,25.077511984892737,54.51969966649148,1018.0769616433761,0
2024-11-09 18:30:00,22.158652813841268,50.184444464518585,1007.1408434976373,0
2024-11-09 18:40:00,24.338721648072156,49.934148826280186,1018.1353021343651,0
2024-11-09 18:50:00,21.17257100619004,48.19509397638442,1009.7606385517674,1
2024-11-09 19:00:00,23.7775478773026,50.67194507373681,1009.7606385517674,1
2024-11-09 19:10:00,22.192184717070422,61.045326709954516,1009.7606385517674,0
2024-11-09 19:20:00,22.528940114820468,53.22489382966185,1009.7606385517674,0
2024-11-09 19:30:00,26.472186350420873,44.20181544495015,1009.7606385517674,0
2024-11-09 19:40:00,26.182620241188538,69.14535434447826,1009.7606385517674,0
2024-11-09 19:50:00,25.218276241814355,57.5597215291613,1014.8122494079727,0
2024-11-09 20:00:00,21.81537447065484,43.744452795894645,1013.9248129367104,0
2024-11-09 20:10:00,23.367183100610397,51.46520858207341,1025.0079183051519,0
2024-11-09 20:20:00,26.426195399958367,55.88709106262734,1008.6840514391658,0
2024-11-09 20:30:00,24.283433827279808,68.63673674637901,1023.2006694299846,0
2024-11-09 20:40:00,28.63865907996339,46.135100333929046,1023.0221165183758,0
2024-11-09 20:50:00,24.786635678788745,62.80832575484757,1012.5134442464921,0
2024-11-09 21:00:00,24.38409823298006,66.19589141577875,1011.5092373690005,0
2024-11-09 21:10:00,23.381767071594997,49.97076555940344,1009.5396740066766,0
2024-11-09 21:20:00,24.267081809564566,52.779891049118135,1012.6589873483366,0
2024-11-09 21:30:00,35.48339393973113,46.709526021009836,1005.9664028372022,1
2024-11-09 21:40:00,25.41621735337718,53.37231087135756,1012.618804913397,0
2024-11-09 21:50:00,25.913404633589167,54.70728020525655,1020.4844013692543,0
2024-11-09 22:00:00,22.428021078984102,60.277199984658964,1009.9445746876164,0
2024-11-09 22:10:00,21.337534092884443,63.72146776816358,1011.7963784800547,0
2024-11-09 22:20:00,20.327589253793406,49.015231483026824,1004.4942976286638,0
2024-11-09 22:30:00,25.015982653825088,39.26139948619205,1014.8703104406552,0
2024-11-09 22:40:00,21.793266787652254,54.830041765790064,1014.3224084247569,0
2024-11-09 22:50:00,19.694218814095034,57.34830023974912,1013.3185117988288,0
2024-11-09 23:00:00,24.77715720906193,56.99534150148033,1011.9158647488892,0
2024-11-09 23:10:00,28.985999034865582,52.38661401992765,1011.5362104061377,0
2024-11-09 23:20:00,37.525240704719245,55.99801679731148,1015.5095011685033,1
2024-11-09 23:30:00,25.676981548903285,67.12355846681798,1012.8559169920569,0
2024-11-09 23:40:00,24.16365871709513,58.05387335170008,1014.5748593577766,0
2024-11-09 23:50:00,23.802220693617716,52.013052599975325,1014.0749140872728,0
2024-11-10 00:00:00,25.83815296597554,50.99841746323203,1018.6171364354788,0
2024-11-10 00:10:00,23.419450911622697,53.641181138578155,1016.3849704868753,0
2024-11-10 00:20:00,24.534784628143807,68.09391969464512,1013.964309215751,0
2024-11-10 00:30:00,24.643395612392027,53.533594323790425,1020.5921101532609,0
2024-11-10 00:40:00,22.6638190927139,54.841645243834336,1015.1013426452828,0
2024-11-10 00:50:00,25.984084699073044,51.141491432509575,1019.5248134439521,0
2024-11-10 01:00:00,23.650080486609184,63.791866859535716,1016.0347130419332,0
2024-11-10 01:10:00,22.48850968101431,70.6786980379574,1003.7904046053422,0
2024-11-10 01:20:00,25.073019687140807,58.60490439545111,1019.5241738165967,0
2024-11-10 01:30:00,37.86115037827967,55.662183230283404,1013.6758812067134,1
2024-11-10 01:40:00,24.056362314738255,55.29426266539388,1012.7402261454961,0
2024-11-10 01:50:00,23.981762006711595,35.925545689714035,1014.4067417374479,0
2024-11-10 02:00:00,26.171791131663156,60.96120691427854,1011.2750841902147,0
2024-11-10 02:10:00,24.949396465759907,56.07333132796675,1014.1351443019447,0
2024-11-10 02:20:00,23.94994608250971,58.4267364052858,1010.0406196682845,0
2024-11-10 02:30:00,25.635532598400573,49.30830244733036,1019.3713612936718,0
2024-11-10 02:40:00,26.780415098034627,51.92434496818327,1012.4320594318948,0
2024-11-10 02:50:00,25.115620612703726,51.711800507974615,1011.0870807863878,0
2024-11-10 03:00:00,24.020705239686762,63.17298387258431,1008.3753709214036,0
2024-11-10 03:10:00,21.37632753529968,51.969921307175255,1014.3438789457432,0
2024-11-10 03:20:00,21.869772673849255,71.66128257687838,1013.9355355006254,0
2024-11-10 03:30:00,23.389550591290664,58.4468993521203,1014.9421230683876,0
2024-11-10 03:40:00,22.780975595681433,44.79453872003415,1007.8637405624744,0
2024-11-10 03:50:00,23.626057394029107,53.971629653984344,1004.9940940059421,0
2024-11-10 04:00:00,24.113299849794213,49.786599022748675,1016.1279565125328,0
2024-11-10 04:10:00,25.05938550871346,37.44494024143981,1020.4232093093825,0
2024-11-10 04:20:00,23.859002443881817,67.79576752091032,1007.8682318880506,0
2024-11-10 04:30:00,24.973003287652404,60.62514033776003,1020.9472064178085,0
2024-11-10 04:40:00,24.128948829620242,59.2656585431945,1014.4195552936819,0
2024-11-10 04:50:00,20.049066867292257,56.323229282397634,1012.9646854772459,0
2024-11-10 05:00:00,22.12132921236249,43.9438594504605,1011.0122565172711,1
2024-11-10 05:10:00,23.71182488855677,54.13106288355651,1006.077409902875,0
2024-11-10 05:20:00,21.580610514317783,67.7342461982721,1017.938642579623,0
2024-11-10 05:30:00,25.19985745999241,55.59023976173998,1009.121968192812,1
2024-11-10 05:40:00,27.061501664687395,46.74584546999349,1009.121968192812,0
2024-11-10 05:50:00,26.437523703394632,68.1831519377526,1009.121968192812,0
2024-11-10 06:00:00,23.573114258139583,71.86593956777969,1009.121968192812,0
2024-11-10 06:10:00,26.981452273699905,77.08450733131767,1009.121968192812,0
2024-11-10 06:20:00,24.297334914404225,84.8281491481163,1009.121968192812,0
2024-11-10 06:30:00,23.32582805776392,87.10084649784966,1014.4664221450242,0
2024-11-10 06:40:00,22.77319467291812,87.07015844195138,1015.4236732398447,0
2024-11-10 06:50:00,23.395060627023742,64.56425110469368,1011.4910075330188,1
2024-11-10 07:00:00,23.223646362917542,42.84824175349348,1011.4910075330188,0
2024-11-10 07:10:00,24.340832444750976,59.03665451581912,1011.4910075330188,0
2024-11-10 07:20:00,24.32114796209973,60.01230690669554,1011.4910075330188,0
2024-11-10 07:30:00,24.00609204030683,45.08350171135808,1011.4910075330188,0
2024-11-10 07:40:00,24.8738763394927,42.977035130540884,1011.4910075330188,0
2024-11-10 07:50:00,26.381292549572684,49.03246298819519,1016.0748061602338,0
2024-11-10 08:00:00,25.899108270882646,49.70766845987767,1019.0178902726673,0
2024-11-10 08:10:00,21.030204063100193,61.02735570801944,1005.5535786777989,0
2024-11-10 08:20:00,18.89215773019609,50.08368973047124,1011.7700233082215,0
2024-11-10 08:30:00,25.86863982247855,48.149211853750366,1015.2335180540457,0
2024-11-10 08:40:00,21.266242603169157,50.10693010644353,1015.9352876729727,0
2024-11-10 08:50:00,23.55046919621463,63.949058673233694,1013.0327432890227,0
2024-11-10 09:00:00,21.65977394788128,55.10434699501562,1015.7121198476605,0
2024-11-10 09:10:00,20.39603912483996,53.565991797144704,1008.955180535371,0
2024-11-10 09:20:00,25.082925456409576,54.11995601039159,1020.7895271615918,0
2024-11-10 09:30:00,25.518310320605295,65.33648267461218,1017.9631405148972,0
2024-11-10 09:40:00,22.84697919854656,49.006626187174064,1006.2753610646741,0
2024-11-10 09:50:00,18.817915415710182,65.52406632752083,1007.6244847594162,0
2024-11-10 10:00:00,22.907511103495036,56.68397039137203,1007.7653912494654,0
2024-11-10 10:10:00,24.783608010805093,53.71664494419722,1016.3898498544827,0
2024-11-10 10:20:00,21.042176862451743,75.00720398347426,1006.5763611679126,0
2024-11-10 10:30:00,24.36671983955831,46.55488408161123,1011.3448783289596,0
2024-11-10 10:40:00,23.96938030165401,52.17051392346395,1015.2735219820838,0
2024-11-10 10:50:00,37.20511829566545,45.140550086687995,1012.6691703272678,1
2024-11-10 11:00:00,24.239160736828307,62.619695764289354,1014.2944375785635,0
2024-11-10 11:10:00,22.05386211823689,68.51351146921343,1007.6709864432562,0
2024-11-10 11:20:00,26.393143003328984,68.35938225123711,1015.9742718669862,0
2024-11-10 11:30:00,23.68294085394606,64.79159002516803,1009.9339405376201,0
2024-11-10 11:40:00,23.945390920980135,53.41903625763228,1011.3769016280103,0
2024-11-10 11:50:00,22.133464081853607,52.07807218008123,1014.1886586395299,1
2024-11-10 12:00:00,23.11343549761698,44.63064182004748,1013.5153911076543,0
2024-11-10 12:10:00,22.2303945719462,77.28698828145434,1013.1199000950779,0
2024-11-10 12:20:00,23.654107880153155,67.75182462518774,1009.2468658901162,0
2024-11-10 12:30:00,27.423416960284687,63.06434476104413,1011.502252944004,0
2024-11-10 12:40:00,21.256197714137286,80.62445511189574,1013.0109179541852,0
2024-11-10 12:50:00,20.77287720424652,65.21788386591999,1006.1245738341646,0
2024-11-10 13:00:00,26.942340654987216,79.2529762737814,1010.6873351684332,0
2024-11-10 13:10:00,23.581352645696267,77.61896692567332,1014.9383993951642,0
2024-11-10 13:20:00,22.661854522680166,87.1094171190424,1006.6128169807732,0
2024-11-10 13:30:00,26.079809374792152,84.49141168651103,1018.7829082579711,0
2024-11-10 13:40:00,22.788768920526273,43.39257687111021,1019.3480663129992,0
2024-11-10 13:50:00,27.652019427093872,55.6046109813603,1006.7742471201996,0
2024-11-10 14:00:00,25.35585174267854,63.3909131350029,1019.7880981652507,0
2024-11-10 14:10:00,23.024177183708595,54.76626875316812,1012.2820920564393,0
2024-11-10 14:20:00,28.314616426531007,61.20092097271269,1015.0925727957853,0
2024-11-10 14:30:00,22.788570153993323,46.635764114607575,1010.5167447393587,0
2024-11-10 14:40:00,25.484190744018616,54.78991365384118,1017.6152241361339,0
2024-11-10 14:50:00,24.598585160812984,50.00391635929138,1015.0304700942434,0
2024-11-10 15:00:00,26.603482578797596,60.97584672083768,1008.929233717012,0
2024-11-10 15:10:00,27.123022393453706,55.25193249809597,1007.1739900001736,0
2024-11-10 15:20:00,24.064008298131533,60.5205894106929,1005.6984878239539,0
2024-11-10 15:30:00,22.493164259307633,63.70168340926293,1013.9397088821638,0
2024-11-10 15:40:00,24.919944285878234,60.53294860097111,1015.8623570588986,0
2024-11-10 15:50:00,22.64456926049579,57.18494747434915,1016.2548283938972,0
2024-11-10 16:00:00,28.026774495053246,47.01430193190876,1012.4100945269631,0
2024-11-10 16:10:00,24.273070662165473,54.97771111466479,1007.2150177216781,0
2024-11-10 16:20:00,23.269356897375783,50.73527678387333,1009.589626009881,0
2024-11-10 16:30:00,24.369360611729817,52.24748834636619,1018.7617431948096,0
2024-11-10 16:40:00,21.305747420940605,52.00372679399799,1010.5768571769996,0
2024-11-10 16:50:00,22.056771922978697,47.16059540174204,1013.7170881534074,0
2024-11-10 17:00:00,26.40082781588885,39.34129128692808,1007.6217475821255,0
2024-11-10 17:10:00,40.29594708737374,49.65485561337786,1014.6829152272952,1
2024-11-10 17:20:00,21.90617803463612,56.54703561539327,1010.7115771916046,0
2024-11-10 17:30:00,25.073305505054574,44.21458363658008,1018.2335635688788,0
2024-11-10 17:40:00,26.371408309325993,55.125457891772996,1016.8677885310341,0
2024-11-10 17:50:00,25.437906621330132,70.20214739448772,1010.5214702671256,0
2024-11-10 18:00:00,25.992095371611633,63.184452442017914,1012.3666798632617,0
2024-11-10 18:10:00,22.486409822861077,68.14833207296424,1010.2444187997969,0
2024-11-10 18:20:00,21.15637866651631,58.12902301546181,1005.9028340172749,1
2024-11-10 18:30:00,27.002667303910975,64.34007858389157,1005.9028340172749,0
2024-11-10 18:40:00,23.354640322315728,49.2082821562577,1005.9028340172749,0
2024-11-10 18:50:00,23.498333967089906,49.84527786382412,1005.9028340172749,0
2024-11-10 19:00:00,26.656388283698117,33.08687835090022,1005.9028340172749,0
2024-11-10 19:10:00,25.11246001880132,64.48916379233839,1005.9028340172749,0
2024-11-10 19:20:00,24.911775544163216,67.32259183855909,1017.6653330286049,0
2024-11-10 19:30:00,28.330004689802166,50.57458203722184,1013.3177095228046,0
2024-11-10 19:40:00,22.712963539239713,52.96838634882212,1016.5162691404797,0
2024-11-10 19:50:00,25.855680256162476,48.96910309047231,1004.1311243389874,0
2024-11-10 20:00:00,24.11402624979417,58.06122841181993,993.3879987419083,0
2024-11-10 20:10:00,24.537184557726516,63.99946036242593,1014.4189401391905,0
2024-11-10 20:20:00,27.056936852825064,41.05782420895167,1005.8761717313926,0
2024-11-10 20:30:00,25.015671512579246,58.27550824513802,1011.9377414864347,0
2024-11-10 20:40:00,25.076592158099267,52.78662582624683,1011.489514794877,0
2024-11-10 20:50:00,26.145014674619603,55.90715513573352,1020.9370030120776,0
2024-11-10 21:00:00,23.27009454091423,58.671952013394325,1014.9999827647181,0
2024-11-10 21:10:00,22.32158066532199,53.49438048981743,1013.8292951339934,0
2024-11-10 21:20:00,21.910381611957934,54.171305172753755,1017.1849557731683,0
2024-11-10 21:30:00,20.067286821247997,53.288998659562886,1014.8424879341952,0
2024-11-10 21:40:00,28.112414259880644,62.76252961430625,1010.7116150350579,0
2024-11-10 21:50:00,21.793583268556635,58.35007968101997,1018.3573796512728,1
2024-11-10 22:00:00,23.557492752828455,56.76466830189889,1018.3573796512728,0
2024-11-10 22:10:00,23.446373400222157,44.83238623126174,1018.3573796512728,0
2024-11-10 22:20:00,24.614813395618203,51.971362054294765,1018.3573796512728,0
2024-11-10 22:30:00,25.631474425078594,62.18935328271339,1018.3573796512728,0
2024-11-10 22:40:00,25.72094697671949,55.30157258499138,1018.3573796512728,0
2024-11-10 22:50:00,22.833845122862122,60.27625175671311,1021.3822748095733,0
2024-11-10 23:00:00,23.665756572427178,69.13209440262106,1005.1751305327911,0
2024-11-10 23:10:00,24.5651599009766,63.30884855367053,1009.9955641207309,0
2024-11-10 23:20:00,23.502617747632907,55.74526670159794,1017.1134121328707,0
2024-11-10 23:30:00,27.214691152039986,50.91208663843418,1014.6765862819865,0
2024-11-10 23:40:00,24.9819499032765,34.571603231552814,1013.9015252566875,0
2024-11-10 23:50:00,25.469755572099636,53.65292062021718,1008.2193214852073,0
2024-11-11 00:00:00,25.325762537334825,52.391900033465205,1010.0459082595429,0
2024-11-11 00:10:00,26.34694771497065,58.122929555163005,1019.2252050411163,1
2024-11-11 00:20:00,24.362043117407413,56.7687581842025,1012.7424540312304,0
2024-11-11 00:30:00,21.406336104088307,58.43691952450565,1014.8767984807224,0
2024-11-11 00:40:00,24.799375903505283,49.76480855594224,1012.4240583561176,0
2024-11-11 00:50:00,22.69728621241634,59.48025736679947,1007.0845724237512,0
2024-11-11 01:00:00,22.942766636500487,73.81320832640446,1017.669052130375,0
2024-11-11 01:10:00,25.172728037510186,86.72726104906155,1015.5161619226625,0
2024-11-11 01:20:00,26.47656614286727,75.21979693003502,1024.528184186836,0
2024-11-11 01:30:00,24.042543153472124,81.62248858859299,1007.9220931017472,0
2024-11-11 01:40:00,24.617666025197927,89.61982525562244,1017.1128646060024,0
2024-11-11 01:50:00,27.404429889270475,78.512848510398,1006.442280169815,0
2024-11-11 02:00:00,24.481506358977136,57.93451234628354,1013.7867328383654,0
2024-11-11 02:10:00,29.20336622836079,49.07607914934273,1017.8825329453158,0
2024-11-11 02:20:00,25.131019291263087,61.91859550792809,1002.6393244195176,0
2024-11-11 02:30:00,20.478474481688366,56.21122438361386,1011.975337628792,0
2024-11-11 02:40:00,25.506683242209064,57.38761451185152,1010.1839513297869,0
2024-11-11 02:50:00,24.762316769765555,48.739211220651285,1009.4902135085243,0
2024-11-11 03:00:00,26.57950550816549,60.65625887688628,1014.9260632612968,0
2024-11-11 03:10:00,25.346362702539917,71.67770336984813,1018.603428532113,0
2024-11-11 03:20:00,23.723088032032454,46.936706436574354,1012.3336064238542,0
2024-11-11 03:30:00,21.551403527421268,52.28192793881981,1014.0274321378001,0
2024-11-11 03:40:00,23.58195348542795,56.852859793344734,1013.5715437652963,0
2024-11-11 03:50:00,22.2989590915814,61.291249695966535,1013.0090175317821,1
2024-11-11 04:00:00,22.838953100390555,53.52362971768425,1007.5532868114394,0
2024-11-11 04:10:00,25.177156808841218,38.33575767885808,1018.5422230086144,0
2024-11-11 04:20:00,27.33980900870281,74.8735159533122,1014.4759768407941,0
2024-11-11 04:30:00,24.78934305964596,73.08404895667314,1014.9744074500129,1
2024-11-11 04:40:00,21.60823387592963,56.05641975610668,1014.9744074500129,0
2024-11-11 04:50:00,24.88920533644028,68.13944966576355,1014.9744074500129,0
2024-11-11 05:00:00,26.393262973291304,88.54545943621861,1014.9744074500129,0
2024-11-11 05:10:00,22.780434191361234,90.58237134766293,1014.9744074500129,0
2024-11-11 05:20:00,23.731965666654165,89.50912018143156,1014.9744074500129,0
2024-11-11 05:30:00,24.029376389458395,83.5911005283211,1009.9962603468072,0
2024-11-11 05:40:00,22.43020337383552,55.66389935050008,1015.6126038322119,0
2024-11-11 05:50:00,25.296560867687717,53.95259355899099,1009.7343130503504,0
2024-11-11 06:00:00,23.758103702784435,64.0259182661507,1007.9059740120464,0
2024-11-11 06:10:00,24.839064887814054,47.99326074803912,1008.9265717338117,0
2024-11-11 06:20:00,22.2250156443958,48.55360276092636,1010.7232878842734,0
2024-11-11 06:30:00,23.12508339935318,63.08219669468812,1011.2307051858995,0
2024-11-11 06:40:00,25.444762715655543,54.64510835590751,1023.8276072610328,0
2024-11-11 06:50:00,23.254333695816467,66.02773884363046,1018.2731031424366,0
2024-11-11 07:00:00,27.45392770246681,49.627902344155636,1018.1238705614087,0
2024-11-11 07:10:00,23.200727628770796,54.5617731172894,1018.8429018213669,0
2024-11-11 07:20:00,24.44936945150377,47.62069612124837,1008.0058956533297,0
2024-11-11 07:30:00,25.86518166374618,55.058901451388536,1006.8881769250638,0
2024-11-11 07:40:00,21.163268534133937,43.17162450400961,1007.4656485423297,0
2024-11-11 07:50:00,20.478382376038446,51.098932632360295,1019.6725306666892,0
2024-11-11 08:00:00,20.948687370859812,43.50996908057506,1010.2640410555875,0
2024-11-11 08:10:00,26.525168206854364,60.551385865530065,1006.7432190888036,0
2024-11-11 08:20:00,22.89628370821511,60.73271471807721,1010.845018998901,0
2024-11-11 08:30:00,29.116398571336504,41.15789815612524,1011.8069723414269,0
2024-11-11 08:40:00,22.871504802685223,65.67108596400459,1014.3420663684728,0
2024-11-11 08:50:00,24.369102606394073,74.97932101135883,1014.2547551035602,0
2024-11-11 09:00:00,27.08421990513575,55.36805109389073,1008.8590971806325,0
2024-11-11 09:10:00,28.012185776318248,49.871085918202844,1016.4282819625686,0
2024-11-11 09:20:00,28.123007153272795,77.59464472802438,1009.8040323312492,0
2024-11-11 09:30:00,26.416732461186285,44.44825201357992,1012.2186183164748,0
2024-11-11 09:40:00,26.048125051622925,55.160851734952786,1016.4338703525168,0
2024-11-11 09:50:00,25.185053898402366,56.43697818105539,1009.7908929802783,0
2024-11-11 10:00:00,25.556722152333275,65.76118096361932,1010.1532428820943,0
2024-11-11 10:10:00,22.897628567342935,57.87791180101431,1015.9583402484657,0
2024-11-11 10:20:00,22.363602233155387,51.01092883369239,1008.7113341169749,0
2024-11-11 10:30:00,23.993251085178095,47.39052503689635,1011.0760398819797,0
2024-11-11 10:40:00,23.659630754950143,52.26542543803092,1015.7787108902145,0
2024-11-11 10:50:00,23.09354390134545,46.94458111243885,1023.2704622071799,0
2024-11-11 11:00:00,25.39277489491343,55.38260255827746,1016.0270225238137,0
2024-11-11 11:10:00,25.910610417141022,50.48643056111611,1015.36319881495,0
2024-11-11 11:20:00,24.176813772583696,43.04769765368199,1015.6540079183636,0
2024-11-11 11:30:00,26.955060162110524,65.04116630699923,1007.6340486296648,1
2024-11-11 11:40:00,21.71662177173299,51.018619812567685,1007.6340486296648,0
2024-11-11 11:50:00,23.612681081440563,44.8549055601975,1007.6340486296648,0
2024-11-11 12:00:00,22.56635535879439,53.653926924099665,1007.6340486296648,0
2024-11-11 12:10:00,20.26692676585388,55.54697252774127,1007.6340486296648,0
2024-11-11 12:20:00,23.8346386283146,41.028266195367735,1007.6340486296648,0
2024-11-11 12:30:00,23.756504983233434,57.6531813370061,1011.442664025504,0
2024-11-11 12:40:00,27.02689948648426,46.62273945047788,1013.293044586859,1
2024-11-11 12:50:00,25.261623369109554,71.6882304735263,1006.860857169715,0
2024-11-11 13:00:00,21.95162635134159,65.19168409661387,1011.4004636099854,0
2024-11-11 13:10:00,27.708185132668376,60.800800079125466,1019.9541677408832,0
2024-11-11 13:20:00,26.442067391050706,61.038657837461194,1014.5940416981413,0
2024-11-11 13:30:00,25.164195406937232,69.16025833949101,1012.8953948130846,0
2024-11-11 13:40:00,23.547031802300335,77.90232593266632,1022.4806163812717,0
2024-11-11 13:50:00,22.08112152655304,75.7960469713184,1006.1958251084947,0
2024-11-11 14:00:00,23.255586447857894,77.26272954290515,1007.4527222227689,0
2024-11-11 14:10:00,26.17749723940837,82.46696232654317,1021.5635570563813,0
2024-11-11 14:20:00,27.76917261186922,80.16912855010436,1013.2298046802447,0
2024-11-11 14:30:00,27.086487056544378,52.254352585255695,1011.7870848185511,0
2024-11-11 14:40:00,23.022301156427453,38.313660488759965,1007.0039783745218,0
2024-11-11 14:50:00,21.760765133421977,62.78980984681894,1015.2384813319751,0
2024-11-11 15:00:00,24.28177249382241,57.3903822425741,1015.7222993476373,0
2024-11-11 15:10:00,20.463121268874296,48.81235324773256,1007.5275281958255,0
2024-11-11 15:20:00,24.646335428369564,70.1898798508419,1012.2986220722479,0
2024-11-11 15:30:00,23.70479482740266,55.69613184313909,1011.3224208398346,0
2024-11-11 15:40:00,23.067926996263516,46.710851424198424,1014.2798857320938,0
2024-11-11 15:50:00,20.81059386546641,61.85389937176367,1007.4037487888968,0
2024-11-11 16:00:00,25.027200213139434,58.1843857320741,1019.2597372725658,0
2024-11-11 16:10:00,22.934598320676177,58.15663988387375,1017.579118907988,0
2024-11-11 16:20:00,21.660166328579425,51.593955162787275,1011.1841222063359,0
2024-11-11 16:30:00,18.2554755734367,58.60396579022428,1011.9179064418081,0
2024-11-11 16:40:00,23.944970189898726,52.90593367823124,1012.3178892486119,0
2024-11-11 16:50:00,27.544503193339487,59.44753161316674,1009.1084572349674,0
2024-11-11 17:00:00,27.32251842909574,39.760444367914886,1010.7828529088248,0
2024-11-11 17:10:00,23.085807486827456,51.529012296166485,1011.648648161627,0
2024-11-11 17:20:00,22.795575879276438,68.77724078246555,1021.0643418535357,1
2024-11-11 17:30:00,24.937548512150048,48.863460356797596,1021.0643418535357,0
2024-11-11 17:40:00,22.003229121623416,50.1692936200545,1021.0643418535357,0
2024-11-11 17:50:00,24.603583799638933,51.4163092924002,1021.0643418535357,0
2024-11-11 18:00:00,25.53216055676938,45.28155091289085,1021.0643418535357,0
2024-11-11 18:10:00,26.453866447768615,37.333753790173986,1021.0643418535357,0
2024-11-11 18:20:00,23.799691847040094,53.155308811811096,1017.8524422980669,0
2024-11-11 18:30:00,23.592652499646068,56.086875392653255,1006.7086768531635,0
2024-11-11 18:40:00,22.244034826486878,54.57995945169078,1016.1827660343663,0
2024-11-11 18:50:00,22.34623929192028,53.840971504416906,1024.6130461263137,1
2024-11-11 19:00:00,23.547042216196946,58.3443269668031,1018.3090832299487,0
2024-11-11 19:10:00,24.734731013632356,69.18273177240611,1020.0701456778099,1
2024-11-11 19:20:00,25.827169252466497,65.47643051256627,1014.0916937522109,1
2024-11-11 19:30:00,22.39364209863931,68.40733938330185,1014.0916937522109,0
2024-11-11 19:40:00,26.985377137919045,76.75099612089531,1014.0916937522109,0
2024-11-11 19:50:00,23.457752797914864,89.6347740780542,1014.0916937522109,0
2024-11-11 20:00:00,23.957265411303126,102.296215028346,1014.0916937522109,0
2024-11-11 20:10:00,22.50557664170435,91.97485008664657,1014.0916937522109,0
2024-11-11 20:20:00,19.151519479454116,103.79147029623107,1019.5800370985925,0
2024-11-11 20:30:00,25.7680907927221,111.70685953548768,1010.3060758107631,0
2024-11-11 20:40:00,25.473687794184865,74.05937594616941,1012.0647124176317,0
2024-11-11 20:50:00,23.437344885763572,85.16333733770335,1013.4773102067915,0
2024-11-11 21:00:00,24.133981434449744,43.27460914126324,1007.851945144553,0
2024-11-11 21:10:00,25.0318784354082,40.84759757008481,1014.1346597190012,0
2024-11-11 21:20:00,20.874908286226916,57.933971263138055,1004.4053479352308,0
2024-11-11 21:30:00,22.94189464530741,51.929002069353736,1018.234772672141,0
2024-11-11 21:40:00,25.588529359243655,56.618243260969756,1013.2331868328298,0
2024-11-11 21:50:00,21.491421153661502,54.8568401839332,1010.3955354804812,0
2024-11-11 22:00:00,24.58711586433326,47.18879961068962,1008.8281319385244,0
2024-11-11 22:10:00,21.28683639075319,54.63796558428531,1011.8271048519041,0
2024-11-11 22:20:00,24.932859964867053,45.135189559881155,1016.4412985538621,0
2024-11-11 22:30:00,23.928717035405032,66.1277788640112,1015.7386948936878,0
2024-11-11 22:40:00,20.76973636818898,44.15223724112029,1009.4723102636077,0
2024-11-11 22:50:00,26.329478708914344,53.43371783225135,1008.7698016368619,0
2024-11-11 23:00:00,22.5308168464039,46.66182729562201,1016.2844935315983,0
2024-11-11 23:10:00,22.37949512597124,59.563369386886365,1009.3882629769248,0
2024-11-11 23:20:00,24.401138394461885,52.34854902974798,1013.2995488703975,0
2024-11-11 23:30:00,26.29727469885743,50.85066624303032,1013.6187732126214,0
2024-11-11 23:40:00,21.968356362043206,61.825612360412435,1014.5603106586337,0
2024-11-11 23:50:00,24.123359699695943,55.235444733420415,1017.2913521509093,1
2024-11-12 00:00:00,24.857633000661146,62.13315556748774,1006.6851853156634,0
2024-11-12 00:10:00,25.386211214526288,53.149392507860284,1003.4442033736975,0
2024-11-12 00:20:00,24.35288311055445,52.76146444857994,1010.1627635938582,0
2024-11-12 00:30:00,23.265944321833356,67.85766369632107,1022.0076420391609,0
2024-11-12 00:40:00,22.34481955870256,67.44922915604215,1023.1108705004369,0
2024-11-12 00:50:00,24.17228776609275,78.01147737963156,1022.1558856778295,0
2024-11-12 01:00:00,21.855721976028786,75.3607323786996,1012.0350931611965,0
2024-11-12 01:10:00,18.157299033010787,80.64060271387703,1004.0894245900759,0
2024-11-12 01:20:00,24.873119608315335,69.01293976047006,1001.2848044917408,0
2024-11-12 01:30:00,25.80786968217239,100.10749551691406,1009.929809192253,0
2024-11-12 01:40:00,19.274135128916324,53.68606411974375,1012.0096318492532,0
2024-11-12 01:50:00,21.980538590580124,60.58069576271359,1019.5031270052798,0
2024-11-12 02:00:00,25.238308522010396,48.31126663824299,1017.3390272977123,0
2024-11-12 02:10:00,28.114990939423397,57.46407921773873,1014.1370253949581,0
2024-11-12 02:20:00,24.041587415350815,44.57724189180204,1008.5507761452943,0
2024-11-12 02:30:00,22.543994117541732,58.61654270607737,1008.1961022087755,0
2024-11-12 02:40:00,23.634207117790318,52.152207324913334,1014.2706384353572,0
2024-11-12 02:50:00,26.74975283829637,55.23352403148454,1016.4852548941986,0
2024-11-12 03:00:00,22.70807164175093,60.58379224104078,1014.9594063112279,0
2024-11-12 03:10:00,22.401615986699493,45.13967751023776,1007.8270102019667,0
2024-11-12 03:20:00,23.034512955635936,49.52406615509762,1016.2533381439604,0
2024-11-12 03:30:00,22.093342783482576,58.65859424869412,1015.1295548355071,0
2024-11-12 03:40:00,24.245340631989592,71.78577179637398,1007.6466679690491,0
2024-11-12 03:50:00,27.24935691693912,53.89534132270815,1009.0783951484988,0
2024-11-12 04:00:00,24.64615854623206,59.72908894339146,1016.4424798728078,0
2024-11-12 04:10:00,23.495292995747423,54.14422824113216,1011.8274623242705,0
2024-11-12 04:20:00,23.41637746216891,70.53796475805039,1020.9457365081823,0
2024-11-12 04:30:00,20.873618382606686,41.02222666427795,1015.5056463803229,0
2024-11-12 04:40:00,25.766219554294317,55.756968357354864,1010.5668440590537,0
2024-11-12 04:50:00,23.844325605974397,41.99564773150351,1012.9489719980453,0
2024-11-12 05:00:00,23.63904017281875,34.94742743570627,1013.3169169631886,0
2024-11-12 05:10:00,30.38621513568972,57.37969642494253,1009.3580484337914,0
2024-11-12 05:20:00,24.597505816731374,56.11598236917967,1008.4370590091119,0
2024-11-12 05:30:00,22.496417899809632,52.72130449806239,1016.5069494690475,0
2024-11-12 05:40:00,23.147284807588914,54.15044727968198,1017.2263664852105,0
2024-11-12 05:50:00,26.29689141839351,79.78639547257006,1016.0189073477648,0
2024-11-12 06:00:00,24.226540821075528,52.93459889574852,1020.576590471619,0
2024-11-12 06:10:00,21.123444043365268,59.080994890000596,1010.291133819942,0
2024-11-12 06:20:00,25.838457869150407,49.80508144308895,1021.3713538303557,0
2024-11-12 06:30:00,22.66371182892201,57.361860600324825,1008.4953944072292,0
2024-11-12 06:40:00,27.746595552435092,53.09413059955506,1007.9365721831575,0
2024-11-12 06:50:00,26.1600961314293,51.71585213816216,1004.2002055892538,0
2024-11-12 07:00:00,23.105356208682498,69.5511882576026,1010.771023430866,0
2024-11-12 07:10:00,26.562032723470224,64.4174797054747,1010.4813883158528,0
2024-11-12 07:20:00,24.135711021054806,56.093973179193846,1015.6296864012733,0
2024-11-12 07:30:00,25.705547350244437,36.56630451244827,1014.2194547081023,0
2024-11-12 07:40:00,24.96946563458895,52.111926213979444,1007.0351331449043,0
2024-11-12 07:50:00,22.307286690018252,76.62422051524067,1011.0363688078709,0
2024-11-12 08:00:00,22.712900335365077,53.15470666688233,1011.1426898945616,0
2024-11-12 08:10:00,26.059921635162322,63.82574057642927,1004.1200887651905,0
2024-11-12 08:20:00,23.33044933578692,66.5355392156208,1008.0952663649332,0
2024-11-12 08:30:00,23.192703073516007,56.7517113268478,1009.1459318469296,0
2024-11-12 08:40:00,22.089754841301293,48.265426945054784,1020.1681250991047,0
2024-11-12 08:50:00,24.84719813118692,35.51750134573689,1013.9572535797868,0
2024-11-12 09:00:00,28.12504983848629,60.47330566887164,1016.3108437697375,0
2024-11-12 09:10:00,21.864934171491456,48.48195197741161,1005.5068225142539,0
2024-11-12 09:20:00,24.048438913345517,56.40920361510154,1018.97107241507,0
2024-11-12 09:30:00,26.824441110830858,45.001437283285085,1019.5055103151204,0
2024-11-12 09:40:00,23.84071721750857,52.878099676238385,1003.0082751642768,0
2024-11-12 09:50:00,24.904743592499468,55.269752439208425,1009.4734163804208,0
2024-11-12 10:00:00,21.87521294370624,57.148748648354385,1015.4788278650775,0
2024-11-12 10:10:00,24.856614194415297,46.08142250118068,1016.2219422676909,0
2024-11-12 10:20:00,23.625711469990904,64.57528759009082,1009.6075263475639,1
2024-11-12 10:30:00,25.971459991359726,50.22484172214423,1009.6075263475639,0
2024-11-12 10:40:00,26.3747721031295,41.604244316374036,1009.6075263475639,0
2024-11-12 10:50:00,29.17912728403723,54.12781264029229,1009.6075263475639,0
2024-11-12 11:00:00,25.159266346427152,55.27500247221168,1009.6075263475639,1
2024-11-12 11:10:00,24.651592633164334,59.28471546537408,1009.6075263475639,0
2024-11-12 11:20:00,24.388768603154674,71.89705922948063,1018.004102488842,0
2024-11-12 11:30:00,23.293667414378625,62.108409306113124,1009.0916396382655,0
2024-11-12 11:40:00,24.676967686923383,66.04304300504984,1008.7618639375156,0
2024-11-12 11:50:00,23.409197179721943,61.17452495013525,1017.0929730917161,0
2024-11-12 12:00:00,24.336921952539228,79.56442802310318,1017.6096818900381,0
2024-11-12 12:10:00,26.635195071215918,77.47447251262483,1017.2570496838133,0
2024-11-12 12:20:00,21.986914869440717,75.6397781816467,1006.4210129589093,0
2024-11-12 12:30:00,26.27975712225809,66.7626024522763,1010.6702451096397,0
2024-11-12 12:40:00,26.63423013467973,96.55529756044069,1017.1149429600166,0
2024-11-12 12:50:00,23.76386294601784,45.17856028435154,1013.2077092028195,0
2024-11-12 13:00:00,19.75629020198281,50.26977592504235,1007.6315357690127,1
2024-11-12 13:10:00,22.784356025811135,57.86675608860803,1007.6315357690127,0
2024-11-12 13:20:00,26.593989093122218,45.42753657106651,1007.6315357690127,0
2024-11-12 13:30:00,23.954263875402237,43.051921773974854,1007.6315357690127,0
2024-11-12 13:40:00,22.00139553541018,38.00841933839468,1007.6315357690127,0
2024-11-12 13:50:00,22.990450157543567,60.767975623245086,1007.6315357690127,0
2024-11-12 14:00:00,25.681240053009105,50.638510042189424,1019.8050335238489,0
2024-11-12 14:10:00,25.093467136402758,78.41816073978664,1013.323956750617,0
2024-11-12 14:20:00,23.52213580166061,47.04515947495301,1016.827187471875,0
2024-11-12 14:30:00,23.266351176370623,47.62839181256863,1020.3886014765104,0
2024-11-12 14:40:00,23.216483701912356,50.47685623771679,1014.2274934089716,0
2024-11-12 14:50:00,22.155179631002994,56.94507724110791,1011.7240641424286,0
2024-11-12 15:00:00,27.230751378938884,51.23837328971751,1004.4768902091145,0
2024-11-12 15:10:00,23.35535906157732,59.898657712020096,1012.5843323713925,0
2024-11-12 15:20:00,26.434317041650992,47.17129288009077,1017.1171159228115,1
2024-11-12 15:30:00,27.042632103844902,43.94726625229135,1017.1171159228115,0
2024-11-12 15:40:00,25.99662179629592,40.61428208472714,1017.1171159228115,0
2024-11-12 15:50:00,23.136759374563905,37.211406656502426,1017.1171159228115,0
2024-11-12 16:00:00,24.807460180673218,50.855447844199546,1017.1171159228115,0
2024-11-12 16:10:00,23.951608787218166,52.59215750085423,1017.1171159228115,0
2024-11-12 16:20:00,22.192596278539742,49.94850378013453,1011.4782756447303,0
2024-11-12 16:30:00,24.648718563443207,64.9472463774973,1011.43535516405,0
2024-11-12 16:40:00,21.641920417680396,64.82424167686509,1016.0927817848897,0
2024-11-12 16:50:00,26.37535877692313,52.321576100443984,1022.9283820550742,0
2024-11-12 17:00:00,23.070765405403215,40.64863109446429,1013.6176460092055,0
2024-11-12 17:10:00,24.40231931174568,50.46635913555958,1011.9163410542177,0
2024-11-12 17:20:00,24.566575743092283,50.20142884866351,1011.7038909349795,0
2024-11-12 17:30:00,23.482190052591847,49.742920301775534,1013.6219238345386,0
2024-11-12 17:40:00,25.173387602950548,49.41824876881404,1008.858531198258,0
2024-11-12 17:50:00,23.05019268675495,49.77229683420154,1013.6009927937303,0
2024-11-12 18:00:00,25.74259459491449,51.90766707281792,1015.254061681659,0
2024-11-12 18:10:00,21.3080406395065,49.91567120947555,1014.0484303178724,0
2024-11-12 18:20:00,24.252759159092825,56.66658006900474,1015.2877096700239,0
2024-11-12 18:30:00,27.877857998116568,57.88294972723889,1015.1687380467426,0
2024-11-12 18:40:00,21.99933735078885,47.714839302540085,1004.1405165887678,0
2024-11-12 18:50:00,22.644510058950296,65.16852260805626,1016.1843507919771,0
2024-11-12 19:00:00,25.02781569931783,47.15950158527509,1009.6449257716878,0
2024-11-12 19:10:00,24.359163563879196,42.0575950894773,1007.5208041849802,0
2024-11-12 19:20:00,24.701260198547118,58.046224570920415,1007.477740860725,0
2024-11-12 19:30:00,24.978374260295325,48.46073492468528,1015.1677080523626,0
2024-11-12 19:40:00,25.26944293712354,57.570331766059105,1011.8871253638757,0
2024-11-12 19:50:00,26.219399683912446,35.77065119119575,1004.5901560800729,0
2024-11-12 20:00:00,24.819637313857026,66.13964753186454,1015.3901890759614,1
2024-11-12 20:10:00,23.517484690762917,60.37834726432322,1015.3901890759614,0
2024-11-12 20:20:00,25.345147402405463,42.99618760669598,1015.3901890759614,0
2024-11-12 20:30:00,27.799763869790432,43.16978300922972,1015.3901890759614,0
2024-11-12 20:40:00,23.734732507234853,68.37812723278022,1015.3901890759614,0
2024-11-12 20:50:00,22.050941390658718,49.10096077201633,1015.3901890759614,0
2024-11-12 21:00:00,26.214161338573945,48.326521210139006,1006.1766183704973,0
2024-11-12 21:10:00,23.759237672092805,36.87158324680574,1012.7376307196847,1
2024-11-12 21:20:00,19.654660907971927,55.193774355187564,1011.6183235247789,0
2024-11-12 21:30:00,25.694843354300843,59.17824308131398,1015.1687484298049,0
2024-11-12 21:40:00,22.929343628092155,69.72394477415588,1014.0783438546681,0
2024-11-12 21:50:00,23.818933435391678,55.807372574524194,1011.2372687863169,0
2024-11-12 22:00:00,24.663960661138027,57.83770566207512,1010.7954890569457,0
2024-11-12 22:10:00,24.380999359558132,76.60770107821182,1007.4177457240797,0
2024-11-12 22:20:00,25.418903634278077,84.05384056981651,1017.9393079120325,0
2024-11-12 22:30:00,23.12902725886031,66.43078119105694,1015.2960209079977,0
2024-11-12 22:40:00,25.026211596352166,90.65211269039793,1017.5888409889757,0
2024-11-12 22:50:00,23.480906644832167,85.30033473189457,1011.4480193176224,0
2024-11-12 23:00:00,25.477620961775006,63.734442712597165,1009.7158226565278,0
2024-11-12 23:10:00,25.230734968026105,54.43823710785907,1007.6084246668538,0
2024-11-12 23:20:00,22.129122595910808,34.8217766600964,1014.7945879187033,0
2024-11-12 23:30:00,26.171964232350064,53.784260941471686,1007.8010338773588,0
2024-11-12 23:40:00,22.928073109771905,63.481150549370156,1022.2433153448328,0
2024-11-12 23:50:00,25.61611559656229,47.850031847330285,1006.4617870945328,0
2024-11-13 00:00:00,37.740843692189166,51.89628024874038,1014.3683005960625,1
2024-11-13 00:10:00,27.676367353590244,53.59093197159218,1020.834273536069,0
2024-11-13 00:20:00,23.553068035256295,31.803888961052145,1015.995448796319,0
2024-11-13 00:30:00,23.301366407763606,68.37078060349981,1013.878368562459,0
2024-11-13 00:40:00,23.961160788224536,47.7889945608226,1008.1575817651906,0
2024-11-13 00:50:00,23.39364043433145,59.04588345978239,1006.0911540571615,0
2024-11-13 01:00:00,25.5998838038841,54.30639091081433,1016.8502505445879,0
2024-11-13 01:10:00,20.767378783126823,65.06095245087488,1020.5307362038748,0
2024-11-13 01:20:00,21.892635161707293,58.248448979424644,1010.8057500476092,0
2024-11-13 01:30:00,21.864394156841612,53.1206058278322,1007.3046924619182,0
2024-11-13 01:40:00,25.900615183947153,47.85187925984576,1000.7091528472549,0
2024-11-13 01:50:00,27.42122674516385,61.38280561105711,1008.0961757816873,0
2024-11-13 02:00:00,23.791101562925057,40.012469568363066,1012.4317157875048,0
2024-11-13 02:10:00,23.66235655361998,60.16712336220714,1020.9956162041836,0
2024-11-13 02:20:00,24.140104326226364,46.20764198756102,1016.3656684611649,0
2024-11-13 02:30:00,26.32375660521638,65.01826929565311,1014.5254270235338,0
2024-11-13 02:40:00,22.145293731618853,56.29039634130156,1010.9994016934943,0
2024-11-13 02:50:00,24.47673796546957,60.15299014280087,1010.0841714137202,0
2024-11-13 03:00:00,25.95039525956486,55.65591051059776,1020.0282379875398,0
2024-11-13 03:10:00,25.00218833987969,40.98098323887203,1014.0036927037919,0
2024-11-13 03:20:00,24.379163233197488,48.114166692837294,1002.4869965403949,0
2024-11-13 03:30:00,26.00209218513428,60.37911470089106,1009.6323017605138,0
2024-11-13 03:40:00,18.593535414001526,56.333246538878754,1008.7089198411419,0
2024-11-13 03:50:00,25.355750639061814,64.44791924244538,1010.2686799541127,0
2024-11-13 04:00:00,22.691848633745153,58.22619650429738,1015.8145533014255,0
2024-11-13 04:10:00,20.338734206287086,47.26638487437872,1012.4627755910287,0
2024-11-13 04:20:00,25.022405199049963,48.631486898234925,1012.6156729649817,0
2024-11-13 04:30:00,26.747317090325915,55.8233391241859,1019.5673658066262,0
2024-11-13 04:40:00,23.725102970744615,36.48764747199915,1009.5176945510666,0
2024-11-13 04:50:00,25.905749094405877,68.38753508498388,1022.3209976294368,0
2024-11-13 05:00:00,27.22455651597729,58.53397389102046,1009.6434620431446,0
2024-11-13 05:10:00,26.629828907168093,64.81627677639098,1013.4459909830629,0
2024-11-13 05:20:00,27.279929058742788,42.355168473526646,1011.5939820229862,0
2024-11-13 05:30:00,25.484254982143785,64.95652128284205,1013.6170956675048,0
2024-11-13 05:40:00,36.06431490482191,72.851991288222,1015.2229599753656,1
2024-11-13 05:50:00,20.796068376205664,44.43297315698146,1015.1691762004443,0
2024-11-13 06:00:00,23.5078750237401,61.171214359230135,1009.2344133468971,0
2024-11-13 06:10:00,22.313506809367617,55.00887955749835,1007.3854266127621,0
2024-11-13 06:20:00,28.34188543499563,42.64452921401404,1025.5158589545285,0
2024-11-13 06:30:00,23.648228375135325,58.94307177481496,1010.5800783019972,0
2024-11-13 06:40:00,24.24640961356897,61.668825638698785,1016.4960621933599,0
2024-11-13 06:50:00,25.102970752080935,50.19098757864923,1004.961793447384,0
2024-11-13 07:00:00,24.087204892744907,64.32733216204178,1011.6019364004766,0
2024-11-13 07:10:00,27.390102080861507,41.66589274568642,1012.3640030800877,0
2024-11-13 07:20:00,22.754701276531097,43.04195082840285,1015.3640753496392,0
2024-11-13 07:30:00,24.389214910474486,56.09277916471002,999.3877292950403,0
2024-11-13 07:40:00,22.515058828603905,55.203082223778175,1013.8307030653916,0
2024-11-13 07:50:00,21.359954977558587,49.26741209260716,1007.2512927231605,0
2024-11-13 08:00:00,22.77646181818943,61.47675548777509,1014.6217285559746,0
2024-11-13 08:10:00,23.925926405903176,59.247154513727594,1007.8183540158092,0
2024-11-13 08:20:00,23.14139555096548,61.865112567472124,1008.7225865203721,0
2024-11-13 08:30:00,22.61515804025229,54.01490851718186,1011.6318619480337,0
2024-11-13 08:40:00,21.187365072656334,59.820642143826724,1007.738352651984,0
2024-11-13 08:50:00,23.83378885474261,51.434797575760044,1010.6223277663232,0
2024-11-13 09:00:00,20.990559251937995,71.43054952069276,1007.0331211572834,0
2024-11-13 09:10:00,25.520111927379205,48.49963383902411,1003.8341477415064,0
2024-11-13 09:20:00,24.164879505869006,71.8423794356665,1018.0897852621468,0
2024-11-13 09:30:00,21.08489700107014,55.27910357671527,1006.5197565358803,0
2024-11-13 09:40:00,23.38158184590027,43.99591288345006,1012.10659556196,0
2024-11-13 09:50:00,22.495687188818835,65.94463480390881,1016.764455407469,0
2024-11-13 10:00:00,24.638349020838362,56.00721110715967,1009.9252794874197,0
2024-11-13 10:10:00,26.68090089204629,61.8089927870419,1008.8741705012723,1
2024-11-13 10:20:00,20.249655060708513,67.79084734834075,1014.1311904433371,1
2024-11-13 10:30:00,24.230052158294836,63.7036444331602,1014.1311904433371,0
2024-11-13 10:40:00,23.679734408866718,59.26207324149748,1014.1311904433371,0
2024-11-13 10:50:00,25.342680152900932,74.80570702135401,1014.1311904433371,0
2024-11-13 11:00:00,24.42639325647538,70.00604405963676,1014.1311904433371,0
2024-11-13 11:10:00,22.496061336522363,78.48686254886735,1014.1311904433371,0
2024-11-13 11:20:00,23.361892128666764,58.770155409668305,1013.1710234226904,0
2024-11-13 11:30:00,22.407948286393022,82.57585373607881,1008.7268767912246,0
2024-11-13 11:40:00,26.152014277197196,76.89131339883976,1010.7150408308738,0
2024-11-13 11:50:00,24.042623297343884,98.22647709742824,1005.9588661584628,0
2024-11-13 12:00:00,27.802381371506016,59.98469878311276,1013.3853930569074,0
2024-11-13 12:10:00,23.878678372370757,56.918861966794374,1018.2784712444158,0
2024-11-13 12:20:00,22.583186466179075,58.890479946801776,1007.5142806511477,0
2024-11-13 12:30:00,20.972571214774344,47.012473176986255,1009.886641167238,0
2024-11-13 12:40:00,20.39372064748811,67.98605352422443,1015.5127312322709,0
2024-11-13 12:50:00,20.83172811398902,70.93096334733524,1019.0604535966137,0
2024-11-13 13:00:00,24.534253302022968,58.14330808438573,1005.5340509389554,0
2024-11-13 13:10:00,25.017450046459867,67.7232285485891,1012.1560763129203,0
2024-11-13 13:20:00,20.837618595935734,50.44681441061973,1014.4156541115976,0
2024-11-13 13:30:00,25.79007662815223,48.62309147020015,1012.4897180468557,0
2024-11-13 13:40:00,23.033877896633122,55.32739798983138,1000.6160396656146,0
2024-11-13 13:50:00,24.2935860239711,58.47952830694319,1015.5054500465438,0
2024-11-13 14:00:00,27.22444125651085,51.848106550055036,1020.5966817554532,0
2024-11-13 14:10:00,25.793678631731062,59.30214552294787,1013.5833087558475,0
2024-11-13 14:20:00,23.462938704188335,57.451115856587315,1007.8444697335287,0
2024-11-13 14:30:00,22.217615549169427,47.01354579767156,1010.4343637681786,0
2024-11-13 14:40:00,19.69636919734139,59.15034413961377,1021.849565338278,0
2024-11-13 14:50:00,22.56169336151516,61.90822594017217,1017.5498127043028,0
2024-11-13 15:00:00,23.57773952234461,56.371754540723124,1016.2001330919217,0
2024-11-13 15:10:00,22.02564094569763,64.22118482609353,1014.7820629176719,0
2024-11-13 15:20:00,23.73748606581539,45.260769652024386,1009.6943144390451,0
2024-11-13 15:30:00,24.153703765917538,58.74360337705481,1011.9971440967212,0
2024-11-13 15:40:00,23.550288036383844,45.6377543488258,1012.6103863216074,0
2024-11-13 15:50:00,22.69999483835308,46.0873491341353,1015.7478715803222,0
2024-11-13 16:00:00,24.337309343933455,49.95255333009768,1020.5445944713346,0
2024-11-13 16:10:00,24.883881299138817,47.46351853140604,1018.5916906839657,0
2024-11-13 16:20:00,21.819201845114307,50.6160334500709,1005.9030782210198,0
2024-11-13 16:30:00,26.82186475949254,53.28679751431049,1014.1199748445052,0
2024-11-13 16:40:00,23.802823735431478,61.69723589065107,1016.6838167258395,0
2024-11-13 16:50:00,24.037699245889694,52.43072769035438,1016.0943016507232,0
2024-11-13 17:00:00,25.416428846513114,42.31499434584326,1009.8538311830629,0
2024-11-13 17:10:00,24.466432262527004,64.12054277196128,1027.5705460788417,0
2024-11-13 17:20:00,25.90627326782649,48.30327893107968,1006.6145771883444,0
2024-11-13 17:30:00,24.57424833040365,54.53023658316297,1007.5840577666697,0
2024-11-13 17:40:00,22.775125250719125,58.57229205552569,1014.1679754063078,1
2024-11-13 17:50:00,24.723007050412203,59.59688334722226,1023.5840152748193,0
2024-11-13 18:00:00,21.712547585358678,69.7534363801718,1008.8190257464792,0
2024-11-13 18:10:00,24.217119411553046,67.83202514714208,1011.6708581717651,0
2024-11-13 18:20:00,23.933540018711078,60.10952336242313,1018.3864683650785,0
2024-11-13 18:30:00,23.58376628545492,87.42849739193329,1012.9106892255613,0
2024-11-13 18:40:00,23.74292497712214,74.55466770670586,1011.3269807273485,0
2024-11-13 18:50:00,20.236301909004723,74.82127818702796,1015.8281645094336,0
2024-11-13 19:00:00,22.902550184518077,86.71140338444457,1014.3625899511479,0
2024-11-13 19:10:00,24.18568980228223,83.99560756744057,1018.1521939281839,0
2024-11-13 19:20:00,36.998455944741494,88.19382554351462,1019.4573444453268,1
2024-11-13 19:30:00,21.944649718148085,74.9374719888055,1014.5350153000268,1
2024-11-13 19:40:00,26.531415681729403,55.799028573959625,1014.4586636268915,0
2024-11-13 19:50:00,22.267650303571,58.45791284786083,1014.0705549114307,0
2024-11-13 20:00:00,25.938914401053474,64.9326280960997,1015.4456527832465,1
2024-11-13 20:10:00,24.85438872374337,78.5721274846483,1013.2758531893573,0
2024-11-13 20:20:00,22.707545380312393,63.94772775847681,1012.9969575883886,0
2024-11-13 20:30:00,27.550621785219025,66.27555286818796,1018.9831356041362,0
2024-11-13 20:40:00,21.61272633648704,83.30307783503882,1020.5805809017752,0
2024-11-13 20:50:00,25.838308347220003,80.9286163275257,1005.4622352768329,0
2024-11-13 21:00:00,26.001164636085957,96.60134921979488,1013.0501057587029,0
2024-11-13 21:10:00,22.65875958184671,110.01999756903433,1009.5565278327738,0
2024-11-13 21:20:00,26.784930600128657,71.87400909158188,1011.4451426675696,0
2024-11-13 21:30:00,23.499906970802094,70.58538738574926,1015.0125810486766,0
2024-11-13 21:40:00,24.577387258559714,85.55469729372278,1016.3471918577123,0
2024-11-13 21:50:00,24.52064367754244,61.90034787692136,1012.4393677819432,0
2024-11-13 22:00:00,23.731382517058904,41.4402124918671,1003.433298326386,0
2024-11-13 22:10:00,25.621616546319565,61.561859186447876,1008.1747720971191,0
2024-11-13 22:20:00,25.586977441104427,61.53844962990661,1017.4824983510008,0
2024-11-13 22:30:00,20.502936053523637,62.632680817253025,999.2978678898254,0
2024-11-13 22:40:00,26.608680485756306,64.74784171897349,1018.93713575841,0
2024-11-13 22:50:00,20.675016023928652,72.61611139727692,1015.6061499532227,0
2024-11-13 23:00:00,26.065092408683313,52.15126361104756,1019.58088040765,0
2024-11-13 23:10:00,26.253410273655167,55.87657264062287,1012.0071540655952,0
2024-11-13 23:20:00,21.818067139569603,51.6684925340158,1002.6929728798855,0
2024-11-13 23:30:00,23.17837142409083,55.01581475804649,1015.1518132075325,0
2024-11-13 23:40:00,21.788590663028128,67.2629868450905,1019.3732656201917,0
2024-11-13 23:50:00,23.57015793942253,44.23988412855465,1017.6236090275671,0
2024-11-14 00:00:00,23.38393143162852,48.1116026226754,1009.6865425825598,0
2024-11-14 00:10:00,25.55932106453868,66.0174474920365,1013.4338053773132,0
2024-11-14 00:20:00,26.620617492239216,63.160292055216715,1010.3358186561004,0
2024-11-14 00:30:00,26.791367621579912,52.094946825463374,1008.9036676790531,0
2024-11-14 00:40:00,22.875663946843396,61.83521600896576,1017.7769428558993,0
2024-11-14 00:50:00,23.581556252510943,57.72972673993627,1007.0123384436741,0
2024-11-14 01:00:00,20.633123615558098,67.0021968720079,1008.5309178470919,0
2024-11-14 01:10:00,22.388259867007623,55.59607675061418,1007.4798718326381,0
2024-11-14 01:20:00,25.929703266194917,63.20505691098066,1005.5487623835048,0
2024-11-14 01:30:00,27.231165647096464,76.13609528394096,1013.732071459213,0
2024-11-14 01:40:00,21.531302256240156,59.78479324037973,1018.8075152424099,0
2024-11-14 01:50:00,22.81507148169421,55.39462532635875,1012.0756162187737,0
2024-11-14 02:00:00,23.947188486082148,60.77957588176783,1005.4712609971791,0
2024-11-14 02:10:00,24.560322317639212,52.07775313436892,1017.1997226987102,0
2024-11-14 02:20:00,22.380792960156707,74.10374164419785,1021.4285087701749,0
2024-11-14 02:30:00,24.84812208892818,56.44056830156785,1009.768788379267,0
2024-11-14 02:40:00,23.052321305858168,52.8165334381959,1010.6072286664114,0
2024-11-14 02:50:00,23.971095458243443,48.31448795983971,1015.578303150417,0
2024-11-14 03:00:00,25.0925684960074,63.77776153285151,1021.1093687389252,0
2024-11-14 03:10:00,24.012844539621877,61.93749930262191,1010.4008292713738,0
2024-11-14 03:20:00,23.12722821894686,51.02116502868726,1006.337751095009,0
2024-11-14 03:30:00,23.780780392148337,59.61161076097938,1016.157093031362,0
2024-11-14 03:40:00,23.82327408158933,42.931552254297145,1016.9953403657115,0
2024-11-14 03:50:00,23.259977940235746,56.47976460058525,1013.0306572521762,0
2024-11-14 04:00:00,23.482407874665796,58.62205081661356,1010.2093337017127,0
2024-11-14 04:10:00,27.197294341009435,68.65863847647378,1017.9718936549602,0
2024-11-14 04:20:00,25.121838895882476,48.83344957817049,1015.6401800227399,0
2024-11-14 04:30:00,23.40903936394168,44.77317896958141,1009.1578224154825,0
2024-11-14 04:40:00,25.39390880902147,47.83657631259967,1013.2454736565284,0
2024-11-14 04:50:00,23.33236102048798,44.30745199748064,1006.2414623398768,0
2024-11-14 05:00:00,26.34624927517328,65.69325886207187,1016.4294522821896,0
2024-11-14 05:10:00,24.73928438439619,67.3891143601923,1011.6888321530857,0
2024-11-14 05:20:00,23.78539571199154,57.56173262359063,1010.8214458380763,0
2024-11-14 05:30:00,24.895433851620556,64.77035956548119,1012.8356275742378,0
2024-11-14 05:40:00,20.858247695863,56.071667044641885,1013.2015384966512,0
2024-11-14 05:50:00,21.74646506218039,54.23910681839387,1017.4746503078278,0
2024-11-14 06:00:00,21.61214998720189,52.3356990475699,1015.9554526566261,0
2024-11-14 06:10:00,24.285886189527414,52.516872068979474,1012.217953606036,0
2024-11-14 06:20:00,41.82452150332141,42.61758754952775,1016.818340748595,1
2024-11-14 06:30:00,28.462600292385265,57.114038108858715,1015.0036862684581,0
2024-11-14 06:40:00,25.276102202881514,54.67732871828765,1010.8670018185699,0
2024-11-14 06:50:00,25.001688949888916,60.962885792623005,1012.3764092088176,0
2024-11-14 07:00:00,20.397884531694523,55.74818797150888,1012.2588855557844,0
2024-11-14 07:10:00,22.914652400531956,53.69837038744726,1015.526306715871,0
2024-11-14 07:20:00,22.42443249618352,48.03045575993895,1011.1648869263918,0
2024-11-14 07:30:00,22.75830480349777,55.57722589457409,1011.0479540678919,0
2024-11-14 07:40:00,23.66371236283042,60.9058978465293,1022.8437865471698,0
2024-11-14 07:50:00,23.055818844605746,45.85328807132912,1017.6986774087355,0
2024-11-14 08:00:00,20.041400379248426,55.699790029445914,1009.1969966778743,0
2024-11-14 08:10:00,25.495820512235067,56.86434361223587,1015.854704969711,0
2024-11-14 08:20:00,21.85451394852039,49.255481731053884,1013.5917503282759,0
2024-11-14 08:30:00,24.4784937282223,50.297149560735996,1014.9577558763004,0
2024-11-14 08:40:00,28.148165339499947,56.84488679012971,1013.6867066228256,0
2024-11-14 08:50:00,22.161230816827153,45.93263185365902,1018.9482132274262,0
2024-11-14 09:00:00,18.93942495450734,57.79938972199514,1014.7281017232573,0
2024-11-14 09:10:00,23.42799155623978,47.8371650107264,1012.6895565089286,0
2024-11-14 09:20:00,26.20191926999714,63.50282954426573,1018.2109528849151,0
2024-11-14 09:30:00,27.916694908441187,73.7026219631064,1014.1664252054394,0
2024-11-14 09:40:00,21.540900811095167,48.11394558638544,1013.6073928966453,0
2024-11-14 09:50:00,24.993398446473044,59.2736628989974,1014.5701130124306,0
2024-11-14 10:00:00,23.069379086439895,49.18606476094384,1012.5319548831682,0
2024-11-14 10:10:00,23.788103291391728,63.32763339038232,1013.0461349649773,0
2024-11-14 10:20:00,29.28868669403407,44.87793272731828,1010.0665270561906,1
2024-11-14 10:30:00,20.994059343209692,61.8446940674217,1009.2441639018806,0
2024-11-14 10:40:00,24.50747932298915,54.01608826488518,1008.0071480675878,0
2024-11-14 10:50:00,24.935386343530865,62.34412328721305,1006.0400835660146,0
2024-11-14 11:00:00,26.171572649878694,58.75179779882154,1008.6014131930772,0
2024-11-14 11:10:00,24.19596630694179,76.57880376716602,1012.1286648276654,0
2024-11-14 11:20:00,24.616101079008203,66.30415716448331,1013.5155879122282,0
2024-11-14 11:30:00,23.216702865156417,80.41571407465463,1011.6435171842618,0
2024-11-14 11:40:00,24.538253882490213,76.24721577390133,1001.2214825493633,0
2024-11-14 11:50:00,23.31361544900518,81.0842210256091,1020.8729317888117,0
2024-11-14 12:00:00,25.243143779712103,86.18204725920103,1018.4324006144519,0
2024-11-14 12:10:00,23.260779327912733,48.90540262672921,1015.2287992560856,0
2024-11-14 12:20:00,24.754200787804372,56.68293690832709,1022.5374533627663,0
2024-11-14 12:30:00,23.941474372630044,67.2426765148353,1008.1131794125814,0
2024-11-14 12:40:00,26.252100501544337,48.77524171333829,1022.4381256031301,0
2024-11-14 12:50:00,23.897212552823028,64.37448114619076,1008.1739296162473,0
2024-11-14 13:00:00,20.453935063586236,66.98478106790228,1014.1936896264568,0
2024-11-14 13:10:00,26.523843001427984,48.470760087775645,1006.630813374329,0
2024-11-14 13:20:00,22.188535398274762,43.35956315927558,1013.0734704777218,0
2024-11-14 13:30:00,22.69246732270236,57.41568720137412,1014.930832489992,0
2024-11-14 13:40:00,22.808677411913017,50.620739817865015,1012.2265483443272,0
2024-11-14 13:50:00,26.748876186341633,69.94882575330402,1016.5693872204507,0
2024-11-14 14:00:00,19.728651572042608,55.27846032399866,1013.4950722474363,0
2024-11-14 14:10:00,30.27549706731999,48.58240473571857,1010.3879263581125,0
2024-11-14 14:20:00,26.112113618132103,45.82272391190631,1010.1659334109883,0
2024-11-14 14:30:00,24.44647782825832,63.719239672726644,1017.0545688630784,0
2024-11-14 14:40:00,23.890211998767427,50.43052820732651,1009.7312898509651,0
2024-11-14 14:50:00,24.571108149715315,55.350630395683424,1017.5770148524247,0
2024-11-14 15:00:00,25.04224485675868,62.64642196089984,1019.1135589641597,0
2024-11-14 15:10:00,25.290431171900114,51.12593318455336,1004.6564306882693,0
2024-11-14 15:20:00,25.111208932006896,54.63256937007871,1018.6646319365052,0
2024-11-14 15:30:00,24.1791613625105,54.86745272141984,1023.3021134922235,0
2024-11-14 15:40:00,23.605323159385346,60.46659609212873,1014.2600188060096,0
2024-11-14 15:50:00,23.697453432692978,59.72595468408261,1015.9954209264741,0
2024-11-14 16:00:00,23.610183439294637,53.23909014996137,1018.1850266218457,0
2024-11-14 16:10:00,26.267540193734128,55.509192491972144,1011.6225884241048,0
2024-11-14 16:20:00,25.187113444561724,52.025767907812096,1013.9114011176894,0
2024-11-14 16:30:00,18.11922273067144,43.179100744644444,1006.4290023518845,0
2024-11-14 16:40:00,25.31180155305952,57.060806859185035,1013.6931751426523,1
2024-11-14 16:50:00,24.38947238943755,73.13753408666454,1015.4905599782227,0
2024-11-14 17:00:00,23.962582487108204,53.9302468744715,1015.5808151146324,0
2024-11-14 17:10:00,23.22296309382223,57.815762323178376,1018.3271236179879,0
2024-11-14 17:20:00,26.24822543997203,60.03417782685007,1009.1259891093224,0
2024-11-14 17:30:00,25.895052924245714,75.79673422978499,1010.3369662166325,0
2024-11-14 17:40:00,22.45424466435278,76.58788363357152,1022.4775367299568,0
2024-11-14 17:50:00,24.814104574249072,74.73169846066835,1012.2483581311815,0
2024-11-14 18:00:00,22.05668653091743,71.65584750688828,1014.0001689365616,0
2024-11-14 18:10:00,21.24076367042214,82.7390143331194,1012.6649497913739,1
2024-11-14 18:20:00,22.74656555082007,75.48302298131357,1008.8915958684748,0
2024-11-14 18:30:00,25.72478694476552,62.147412534859946,1021.117646054459,0
2024-11-14 18:40:00,25.906250090752174,70.97219508870347,1010.3614929403969,0
2024-11-14 18:50:00,25.026170840194585,56.99040690693057,1007.3635723814654,0
2024-11-14 19:00:00,25.450191573695996,57.73985378536269,1010.7462986134863,0
2024-11-14 19:10:00,25.032356574229915,85.63550313355887,1002.9914699913724,0
2024-11-14 19:20:00,40.923518610047914,71.10592288396333,1009.743562675084,1
2024-11-14 19:30:00,24.86384508934788,88.08758276755057,1008.1593570107384,0
2024-11-14 19:40:00,25.600819050455364,80.76801867841735,1016.0871431546366,0
2024-11-14 19:50:00,25.508582659627148,83.70436146446937,1009.6329288022006,0
2024-11-14 20:00:00,26.377826742949285,58.50730159597316,1017.4390196778943,0
2024-11-14 20:10:00,25.416607694402128,47.92800914602847,1019.9924199653466,0
2024-11-14 20:20:00,24.702896415083167,56.059977147965164,1016.905876681438,0
2024-11-14 20:30:00,26.140300476632856,51.94808468140726,1011.9230585556996,0
2024-11-14 20:40:00,23.94695748150188,44.436052452759746,1013.7055724835279,0
2024-11-14 20:50:00,22.236250697544563,57.69985659781119,1005.3750752992797,0
2024-11-14 21:00:00,23.67386607211247,52.893537544976674,1012.3311031373938,0
2024-11-14 21:10:00,22.5101947103871,53.743801372442334,1008.6978076596658,0
2024-11-14 21:20:00,22.649643450051236,45.31871245268674,1016.4716319057464,0
2024-11-14 21:30:00,23.710962658568963,67.73120294210243,1025.8637619462224,0
2024-11-14 21:40:00,22.415160158000077,62.01371349108893,1015.499108179869,0
2024-11-14 21:50:00,23.38407694072192,62.713247073375825,1003.0442992552266,0
2024-11-14 22:00:00,20.21277066609243,52.55644238046654,1011.1938490354281,0
2024-11-14 22:10:00,44.156267864172904,41.16653688397264,1013.6124546268722,1
2024-11-14 22:20:00,24.00241095072445,70.62333905991609,1013.4367871263013,0
2024-11-14 22:30:00,22.365822737863617,54.51121993595306,1009.3459343719562,0
2024-11-14 22:40:00,25.31849133686481,49.00960163183957,1014.2264587131847,0
2024-11-14 22:50:00,25.875140275253116,58.33441259586491,1006.7874958154031,0
2024-11-14 23:00:00,20.78488027126205,64.33696630402638,1008.2754563865747,0
2024-11-14 23:10:00,22.47455044286757,54.81559555131627,1016.2289882080186,0
2024-11-14 23:20:00,22.461715300425404,65.228601343515,1007.9216838456009,1
2024-11-14 23:30:00,22.12019379778227,66.66399950813495,1015.6910580274613,0
2024-11-14 23:40:00,25.658949683863497,52.38895050078354,1006.1526811267197,0
2024-11-14 23:50:00,23.612347722454395,58.60967915472419,1021.8241294189587,0
2024-11-15 00:00:00,23.47097031737878,74.66029730623814,1009.1286503879797,0
2024-11-15 00:10:00,19.992275271186493,48.29909948951649,1011.8816671409828,0
2024-11-15 00:20:00,25.270836060418453,71.8043544546801,1014.6530663054521,0
2024-11-15 00:30:00,21.521483210293056,64.55335038700262,1010.1732502374946,0
2024-11-15 00:40:00,24.119865260532656,75.1875695885318,1013.7170298053566,0
2024-11-15 00:50:00,24.554753875916383,79.60943928776636,1015.8767836226007,0
2024-11-15 01:00:00,26.7213171916773,82.13404497673994,1017.8030661625174,0
2024-11-15 01:10:00,21.382359201761776,50.58190998309913,1016.9574871798648,0
2024-11-15 01:20:00,17.96097568835835,46.22285080296949,1012.1409476809866,0
2024-11-15 01:30:00,24.36769908950739,73.3352901345495,1012.2668411297819,0
2024-11-15 01:40:00,27.601022363021706,69.9396960332908,1024.7455427901252,0
2024-11-15 01:50:00,26.477892705878876,45.70347343794974,1017.7494453412464,0
2024-11-15 02:00:00,24.41931883054925,67.65693401042854,1008.390881718399,0
2024-11-15 02:10:00,23.016727628735904,51.80427607621718,1013.4999408188278,0
2024-11-15 02:20:00,25.61424519327462,56.033499786653685,1011.324284306109,0
2024-11-15 02:30:00,22.052907600591062,54.49380832082467,1012.3233288303844,0
2024-11-15 02:40:00,24.95271553871244,49.72201086996827,1006.8525242114596,0
2024-11-15 02:50:00,25.010940318333255,62.870818748849175,1010.9403838280703,0
2024-11-15 03:00:00,26.12041981499776,56.00709224461326,1022.0577788659696,0
2024-11-15 03:10:00,29.519320077822155,51.18758861424607,1015.8953815043775,0
2024-11-15 03:20:00,24.784831934357534,44.56328444959622,1000.5441929592427,0
2024-11-15 03:30:00,22.982072748585004,47.85123989024704,1019.0836174624898,0
2024-11-15 03:40:00,23.948851375616012,41.86895907518323,1018.4481476145459,0
2024-11-15 03:50:00,20.461848190221765,55.09778838732136,1011.2035734784679,0
2024-11-15 04:00:00,22.610573737821884,45.42667526172483,1016.5863177189161,0
2024-11-15 04:10:00,23.18143512377379,52.87551589985167,1008.703003945914,0
2024-11-15 04:20:00,22.951823204130815,65.96081482888297,1010.6487214186682,0
2024-11-15 04:30:00,24.304709744067445,64.59439658337268,1020.4927318033492,0
2024-11-15 04:40:00,22.3551601352356,54.741784847179055,1011.6413498006515,0
2024-11-15 04:50:00,26.242061334648945,54.3033221908548,1003.6513416902251,0
2024-11-15 05:00:00,24.000414129836393,70.03899639536806,1012.6834838860933,0
2024-11-15 05:10:00,23.981399357722772,59.16604896286969,1012.6070580354282,0
2024-11-15 05:20:00,23.344210566974166,52.37754832098781,1018.9918428468673,0
2024-11-15 05:30:00,24.31038136771796,43.591855063036384,1013.0716821108788,0
2024-11-15 05:40:00,25.65019652933527,58.150985745317946,1010.8920884427986,0
2024-11-15 05:50:00,22.265739568578198,61.6345901806629,1018.225280726156,0
2024-11-15 06:00:00,22.683767021849487,49.94678780389085,1013.6039511625055,0
2024-11-15 06:10:00,23.392547942446672,57.32962204110426,1009.2498865921714,0
2024-11-15 06:20:00,21.308258153053572,52.09141364067977,1018.7749878027081,0
2024-11-15 06:30:00,22.361484280557004,53.52774080640798,1013.968308822584,0
2024-11-15 06:40:00,23.047558252910683,35.09742353950135,1013.0146298333972,0
2024-11-15 06:50:00,25.748778361425455,53.22574877027092,1013.8895419570583,0
2024-11-15 07:00:00,24.52512265800385,62.754954419264436,1007.646658142917,0
2024-11-15 07:10:00,24.38717982273509,49.94877955546753,1010.3617311191083,0
2024-11-15 07:20:00,25.701795924335944,55.42021094572253,1013.0179130091639,0
2024-11-15 07:30:00,23.725256423201206,48.95239434646464,1012.0266815248766,0
2024-11-15 07:40:00,24.78092969985778,57.88353341034218,1019.3621419140829,0
2024-11-15 07:50:00,23.793556494135007,53.26781441971061,1014.087029263635,0
2024-11-15 08:00:00,24.530724698799258,47.486067674543946,1017.2745196131821,0
2024-11-15 08:10:00,22.834482684776837,65.66041174132103,1013.0469767728792,0
2024-11-15 08:20:00,19.122365683447143,62.43145610825772,1018.2814424187306,0
2024-11-15 08:30:00,23.73144167562739,50.1607458885746,1014.9876387828658,1
2024-11-15 08:40:00,26.84549627219988,58.98230647534222,1014.9876387828658,0
2024-11-15 08:50:00,25.852430804483184,59.29929602256305,1014.9876387828658,0
2024-11-15 09:00:00,25.93079496918234,60.138409880089405,1014.9876387828658,0
2024-11-15 09:10:00,26.472261443612435,41.44595283203938,1014.9876387828658,0
2024-11-15 09:20:00,24.177315181922875,63.052852328261025,1014.9876387828658,0
2024-11-15 09:30:00,24.39463141481119,50.44240829659415,1010.490040199094,0
2024-11-15 09:40:00,22.7646962091313,52.137376532469865,1018.5323088540604,0
2024-11-15 09:50:00,23.3678542879459,76.1030540180816,1006.748919870526,0
2024-11-15 10:00:00,25.231542299542284,57.41498704576809,1010.8875205228378,0
2024-11-15 10:10:00,26.407768874337634,51.909420196422595,1018.1385937438977,0
2024-11-15 10:20:00,23.721107448638,37.35764501795275,1014.5776147046013,0
2024-11-15 10:30:00,23.099621470297176,66.11811307157085,1012.7607053617362,0
2024-11-15 10:40:00,24.001055917713195,44.23832263353118,1014.2550177157507,0
2024-11-15 10:50:00,25.20241349785823,46.97248877200397,1013.8970708552442,0
2024-11-15 11:00:00,21.112290367732918,52.349181607297204,1005.4166872685704,0
2024-11-15 11:10:00,19.407638093725524,66.33129433360234,1011.2536905732602,0
2024-11-15 11:20:00,22.898926301016832,61.18591989332607,1021.0826082725688,0
2024-11-15 11:30:00,21.558575148171684,53.73729992127792,1009.7033793261141,0
2024-11-15 11:40:00,22.983719604705378,57.46633650911057,1011.4084949294784,0
2024-11-15 11:50:00,23.704439362365058,50.196914457031156,1010.291896183454,1
2024-11-15 12:00:00,23.093503181953974,56.117229516522805,1010.291896183454,0
2024-11-15 12:10:00,26.90493506894149,55.58669395822509,1010.291896183454,1
2024-11-15 12:20:00,24.65348952920464,65.75015916545082,1010.291896183454,0
2024-11-15 12:30:00,24.600948719221655,68.73742497951159,1010.291896183454,0
2024-11-15 12:40:00,25.244414288086805,67.95181905764517,1010.291896183454,0
2024-11-15 12:50:00,21.72233376443846,64.10121953963119,1007.7452941690552,0
2024-11-15 13:00:00,26.078223574840536,75.934578355121,1011.2982975855855,0
2024-11-15 13:10:00,23.84847142692908,72.26425227037564,1011.8713868419393,0
2024-11-15 13:20:00,25.340961234482425,67.34468505029494,1015.278234550443,0
2024-11-15 13:30:00,21.85628553391969,75.7736976647125,1009.0338940139649,0
2024-11-15 13:40:00,20.89248246796787,82.6762158702746,1017.5782690212917,0
2024-11-15 13:50:00,25.63577931605006,92.28172626931797,1018.9320779525881,0
2024-11-15 14:00:00,24.752819052195033,53.53177462274277,1008.0556382618221,0
2024-11-15 14:10:00,22.195896891284978,45.32641031008315,1010.5456355255321,0
2024-11-15 14:20:00,22.26067383745061,55.45393346637456,1010.3403424585396,0
2024-11-15 14:30:00,26.25086956882954,55.90764832045242,1026.1619310233875,0
2024-11-15 14:40:00,21.621176214265343,56.486701031222026,1010.8504994739606,0
2024-11-15 14:50:00,27.285345906511928,62.35897212763544,1021.3881272107807,0
2024-11-15 15:00:00,22.19875853070426,63.151385920719186,1006.666840024467,0
2024-11-15 15:10:00,25.276783851216766,50.246313020946666,1008.0517451691782,0
2024-11-15 15:20:00,23.342763048502032,50.07085233560845,1009.566977340759,0
2024-11-15 15:30:00,25.206374862164687,46.67841031235621,1008.7715534427674,0
2024-11-15 15:40:00,22.911771995771616,60.59052536224381,1011.6605063292075,1
2024-11-15 15:50:00,23.67441418785541,66.59056086670172,1011.6605063292075,0
2024-11-15 16:00:00,24.081838350791443,52.479344576728614,1011.6605063292075,0
2024-11-15 16:10:00,21.995625088437055,53.068555482200054,1011.6605063292075,0
2024-11-15 16:20:00,25.481648690840252,66.73426045519182,1011.6605063292075,0
2024-11-15 16:30:00,22.97357286705683,59.04446282572006,1011.6605063292075,0
2024-11-15 16:40:00,23.542800169319964,58.48988563840844,1015.6199947779216,0
2024-11-15 16:50:00,22.011301250782974,45.47266795221019,1013.4637153288977,0
2024-11-15 17:00:00,18.87533268240938,60.42982455423535,1010.5148465466705,0
2024-11-15 17:10:00,23.61794447479966,47.56690927592194,1008.2342124762246,0
2024-11-15 17:20:00,28.82523084322583,45.92783851252034,1014.8149785171635,0
2024-11-15 17:30:00,25.569208575796047,52.2258273858663,1007.131848037266,0
2024-11-15 17:40:00,23.96147924053121,50.31365821241048,1008.030395354123,0
2024-11-15 17:50:00,23.474218341583466,53.22720244491968,1018.764566281024,0
2024-11-15 18:00:00,24.044931785624094,43.47214692380065,1022.5032452086105,0
2024-11-15 18:10:00,25.09423823035042,62.67053045174138,1014.9664756908325,0
2024-11-15 18:20:00,21.638374369382312,64.02149035613144,1018.5322857614732,0
2024-11-15 18:30:00,26.228643389337744,39.421260206873484,1011.7707584127801,0
2024-11-15 18:40:00,25.430762630882487,62.8276624453324,1006.3116290695616,0
2024-11-15 18:50:00,25.43637145141587,48.51577096142699,1016.060858093093,0
2024-11-15 19:00:00,24.876951477619453,61.855804295862285,1015.8464466163504,1
2024-11-15 19:10:00,24.03923331538798,57.45242805866867,1013.3583427694012,0
2024-11-15 19:20:00,25.34572247193364,61.23020451264799,1011.7881227094745,0
2024-11-15 19:30:00,25.183628267482757,62.51921880463025,1017.8110528929055,0
2024-11-15 19:40:00,23.29191857811795,76.69703363386789,1008.0713348328626,0
2024-11-15 19:50:00,22.8527964542062,60.08329589979977,1009.1310971055467,0
2024-11-15 20:00:00,24.203712590523974,77.86272270988007,1007.9594674661979,0
2024-11-15 20:10:00,27.098040302990373,84.8106413191164,1013.4248648131792,0
2024-11-15 20:20:00,21.521785848692197,84.73072064432328,1007.5605349394538,0
2024-11-15 20:30:00,21.06494946849512,100.59759131458733,1009.5787890974237,0
2024-11-15 20:40:00,24.329521682473032,80.76842589820241,1009.471222188864,0
2024-11-15 20:50:00,24.101775403712036,62.65843858074825,1011.6969583383302,0
2024-11-15 21:00:00,24.346683328740816,54.15127491726864,1005.5631277679801,0
2024-11-15 21:10:00,24.487906395817,64.86724861082135,1013.4360249601864,0
2024-11-15 21:20:00,38.8240354590172,54.938488034229046,1019.2365182533234,1
2024-11-15 21:30:00,26.979726877204165,51.89699374510025,1013.6774568615838,0
2024-11-15 21:40:00,20.798192043046967,65.44857763097303,1020.7066057240066,0
2024-11-15 21:50:00,22.343005950439508,51.06750448784856,1019.6699909293847,0
2024-11-15 22:00:00,23.793490479701905,43.69819392879555,1016.8886752362392,0
2024-11-15 22:10:00,20.713622377691664,50.86522493460937,1013.3734292131844,0
2024-11-15 22:20:00,23.648291191135858,59.95226357270826,1013.1125019412272,0
2024-11-15 22:30:00,27.322940331456035,66.13631001269673,1016.8189988618163,0
2024-11-15 22:40:00,24.041772976591922,55.8890350023721,1011.0416469524798,0
2024-11-15 22:50:00,24.461401811437366,65.54557653787221,1003.5873962426626,0
2024-11-15 23:00:00,21.479670469654838,44.13460062817925,1015.4600202705147,0
2024-11-15 23:10:00,22.767277183921045,51.453892281456774,1007.3446568503251,0
2024-11-15 23:20:00,23.249607239352127,52.69139906276719,1008.1892938590481,0
2024-11-15 23:30:00,23.36456980648753,54.083524580219844,1013.0011197399789,0
2024-11-15 23:40:00,26.563287590007537,55.672755106001574,1012.5243756122327,0
2024-11-15 23:50:00,25.11538212145025,60.52728765913754,1005.9396219684219,0
2024-11-16 00:00:00,21.777084086125935,51.44154529463608,1013.8274578206657,0
2024-11-16 00:10:00,24.49300955686401,56.112229495625,1017.8306983043052,0
2024-11-16 00:20:00,24.99644349699357,54.639016877407585,1007.3582921486711,0
2024-11-16 00:30:00,26.280298077042534,47.5928807688708,1019.3624166542438,0
2024-11-16 00:40:00,27.161081373136746,54.090666487348514,1005.1991458743503,0
2024-11-16 00:50:00,21.969811616344263,53.85072376082306,1023.5866207218547,0
2024-11-16 01:00:00,22.378284977579323,53.679355479975634,1010.9436978475826,0
2024-11-16 01:10:00,21.48484428217077,55.25407565265161,1013.7280849841345,0
2024-11-16 01:20:00,23.531960281786038,55.60538832490709,1003.5398321375717,0
2024-11-16 01:30:00,24.93271674889267,51.541638567141355,1012.6893196676534,0
2024-11-16 01:40:00,25.974669033178202,65.18171787177012,1014.1424108885909,0
2024-11-16 01:50:00,23.848097952714955,45.644154966375865,1012.5691894795025,0
2024-11-16 02:00:00,23.360304953490314,49.23223913224083,1010.1845946147381,0
2024-11-16 02:10:00,24.30351598449748,77.23970899378844,1008.2671774073609,0
2024-11-16 02:20:00,22.329714196739953,46.69606916008616,1018.6526330976866,0
2024-11-16 02:30:00,28.179077443389545,44.16996260232193,1013.1540356749897,1
2024-11-16 02:40:00,20.78467794576388,63.875813960009744,1020.7037618825839,0
2024-11-16 02:50:00,24.369481157791448,44.383041169809005,1010.3675882260254,0
2024-11-16 03:00:00,28.04721243845928,62.11780872022049,1010.8260265331389,0
2024-11-16 03:10:00,24.013599689119996,84.16659940061191,1017.0779712229809,0
2024-11-16 03:20:00,23.619921929997012,57.640512622772796,1004.8851251899822,0
2024-11-16 03:30:00,23.285109154379146,57.1442841140903,1006.9326831992354,0
2024-11-16 03:40:00,23.639216636475183,64.00655038433841,1018.4874248567659,0
2024-11-16 03:50:00,26.74569694935306,86.18687654677589,1007.140330353884,0
2024-11-16 04:00:00,19.576276177340986,90.9982137598865,1003.9047449234872,0
2024-11-16 04:10:00,27.06686740259265,80.89928962417193,1022.3426359403654,0
2024-11-16 04:20:00,21.15208569509971,60.465699232008554,1006.030911760629,0
2024-11-16 04:30:00,23.46669534153117,66.12204262009591,1013.9205969916409,0
2024-11-16 04:40:00,23.141511159402675,69.2987713154386,1013.3454259636213,0
2024-11-16 04:50:00,25.17710653954144,53.02931775056121,998.9468584169095,0
2024-11-16 05:00:00,20.803751296232505,36.588226258640105,1011.6634148841609,0
2024-11-16 05:10:00,24.924345332163885,48.432968620722505,1015.2420662473955,0
2024-11-16 05:20:00,28.048619246573704,51.58556644051794,1014.7715469075943,0
2024-11-16 05:30:00,21.27365199081438,52.928489627372876,1017.5176034190175,0
2024-11-16 05:40:00,24.379412335220792,53.49712479193025,1011.0625434254729,0
2024-11-16 05:50:00,22.67603564440678,63.951156783445356,1016.5625222104608,1
2024-11-16 06:00:00,24.85177441238607,65.19542741350065,1016.5625222104608,0
2024-11-16 06:10:00,24.038295554831503,53.626610768601736,1016.5625222104608,0
2024-11-16 06:20:00,22.71702618191138,63.78787900841455,1016.5625222104608,0
2024-11-16 06:30:00,24.975744569742147,57.861290933048714,1016.5625222104608,0
2024-11-16 06:40:00,27.608696219573485,55.51604778290057,1016.5625222104608,0
2024-11-16 06:50:00,23.6181924165454,62.25235325687971,1005.4271324547072,0
2024-11-16 07:00:00,25.439515884296362,55.578016385903325,1014.3701942032466,0
2024-11-16 07:10:00,21.413454084257673,71.46248941678209,1011.6703790296378,0
2024-11-16 07:20:00,22.087127246363984,43.49271066564353,1012.4867571327468,0
2024-11-16 07:30:00,24.944812555760755,50.878632807263855,1019.8180364759985,0
2024-11-16 07:40:00,26.96823205707193,53.9878488243684,1010.8078631639237,0
2024-11-16 07:50:00,24.71122669757132,58.515621523663924,1016.0580078077484,0
2024-11-16 08:00:00,23.373883938953693,65.14368389682471,1013.1878167569056,0
2024-11-16 08:10:00,23.99858281084671,54.80481146211075,1012.2399054718366,0
2024-11-16 08:20:00,21.499184532060564,43.622162803950346,1024.4998456219323,0
2024-11-16 08:30:00,25.209030652710734,61.74011117164004,1005.7932912714232,0
2024-11-16 08:40:00,25.76466612464682,61.039670129135715,1019.4456591771873,0
2024-11-16 08:50:00,23.09581933433384,39.46513072496475,1016.2820328274498,1
2024-11-16 09:00:00,23.059915704480996,57.969566930633604,1010.6023750268411,0
2024-11-16 09:10:00,24.5317564593041,48.27886535455762,1021.146592587208,0
2024-11-16 09:20:00,23.12656052791881,58.6827912199835,1003.7594494380573,0
2024-11-16 09:30:00,23.867734770748356,59.7775285842976,1010.3911667135046,0
2024-11-16 09:40:00,28.19944357833303,76.47411758593589,1006.9575889786546,0
2024-11-16 09:50:00,23.505948598508006,73.93464139337746,1015.0604173243573,0
2024-11-16 10:00:00,23.283319695957555,65.71527199395177,1007.4346794940641,0
2024-11-16 10:10:00,22.704916388729682,86.04052770365874,1015.1653197337066,0
2024-11-16 10:20:00,35.708545099671056,70.52955340857268,1012.0678179208923,1
2024-11-16 10:30:00,23.637551653563794,87.64091032376754,1010.6032302867196,0
2024-11-16 10:40:00,22.701253923357147,48.48791464566755,1014.9432362301666,0
2024-11-16 10:50:00,26.642608064546025,52.07458333975584,1011.6568918803097,0
2024-11-16 11:00:00,26.839206009027276,59.03416598430707,1007.5568257847048,0
2024-11-16 11:10:00,22.79915286852259,59.17159519247623,1027.006864948175,1
2024-11-16 11:20:00,20.266920097278767,68.69575258844768,1010.5641640848543,0
2024-11-16 11:30:00,26.015027379673846,60.34197040262838,1001.91195459924,0
2024-11-16 11:40:00,22.630740348479993,66.45160690370673,1008.7895065513931,0
2024-11-16 11:50:00,25.58125119832554,63.4981014207654,1006.6636165581364,0
2024-11-16 12:00:00,20.059792364576328,71.45591906098238,1017.1307280802026,0
2024-11-16 12:10:00,25.785194676598618,76.51588838406809,1014.6082632979579,0
2024-11-16 12:20:00,21.57765614143844,75.21352122036498,1014.9935640089517,0
2024-11-16 12:30:00,25.46152823813305,64.56999612726003,1011.1498876708138,0
2024-11-16 12:40:00,24.02854613567287,84.65176717064716,1011.6032487647154,0
2024-11-16 12:50:00,22.09212116120671,87.91649181884365,1011.1453444819616,0
2024-11-16 13:00:00,23.185927374146438,49.55861218921639,1012.5940340793227,0
2024-11-16 13:10:00,25.3726369139134,44.724903711419884,1017.1766671768241,0
2024-11-16 13:20:00,24.211788906230467,66.80703320403173,1014.6803770625268,0
2024-11-16 13:30:00,25.168825960944968,58.931564087155216,1015.5005641481043,0
2024-11-16 13:40:00,27.95288116903097,53.167351752626324,1015.497794541246,0
2024-11-16 13:50:00,20.8715167765779,45.9037369348201,1017.4222121869087,0
2024-11-16 14:00:00,27.23442514993725,48.425481372629235,1014.4407502077013,0
2024-11-16 14:10:00,24.208711875046426,65.42072317428985,1014.7942403633946,0
2024-11-16 14:20:00,22.202431903353745,56.10129552694437,1018.9440312059658,0
2024-11-16 14:30:00,21.33937274852202,50.59530346399435,1009.6747704099845,0
2024-11-16 14:40:00,23.621759218445934,59.07751384979725,1008.7212871002424,0
2024-11-16 14:50:00,25.843300223848917,48.48481450042941,1007.0703920040658,0
2024-11-16 15:00:00,23.744901759244932,67.00674424224303,1013.9145728181013,0
2024-11-16 15:10:00,27.022309860494694,65.8224042791738,1003.7313387939043,0
2024-11-16 15:20:00,21.097648619896884,51.26740743037779,1015.3107704802984,0
2024-11-16 15:30:00,23.97582210430789,49.97063802375312,1012.4540345274972,0
2024-11-16 15:40:00,21.49521311117376,34.05493441046176,1018.6731984991053,0
2024-11-16 15:50:00,24.727263765249937,43.14735382758906,1009.6404134476751,0
2024-11-16 16:00:00,25.7737747801946,44.28424180033795,1011.9834085729125,0
2024-11-16 16:10:00,23.158476412637892,56.081522727899085,1018.6110166664669,0
2024-11-16 16:20:00,18.791572286745733,52.39013036446912,1019.9156782338907,0
2024-11-16 16:30:00,24.39789629359299,44.23731610067807,1009.5992381712409,0
2024-11-16 16:40:00,24.873477103467017,52.75068766028354,1013.9089061629358,0
2024-11-16 16:50:00,24.808589509923394,59.04269718117879,1014.4720948884202,0
2024-11-16 17:00:00,26.471564383644306,59.2227147993247,1014.8682670281057,0
2024-11-16 17:10:00,21.857892640701902,39.80263775312895,1011.6871217034219,0
2024-11-16 17:20:00,25.3604322109009,53.97389215612935,1019.4069169906181,0
2024-11-16 17:30:00,26.38501502495595,43.93327378422712,1003.5514825818923,0
2024-11-16 17:40:00,20.442824831986968,62.21382957712219,1010.8943488259946,0
2024-11-16 17:50:00,24.639303651837956,61.273171330827985,1015.2396536638647,0
2024-11-16 18:00:00,22.991640337984656,47.81578218940433,1015.2861240597467,0
2024-11-16 18:10:00,23.83695465379671,48.8716383807968,1019.7637951530738,0
2024-11-16 18:20:00,24.695352967076673,51.30986359601354,1018.9911269660064,0
2024-11-16 18:30:00,23.025542871772895,36.97765284214928,1011.5722918734639,0
2024-11-16 18:40:00,22.648583841676775,57.687745387524615,1019.499356217653,0
2024-11-16 18:50:00,24.06830483497605,52.817243629278956,1009.4297912811127,0
2024-11-16 19:00:00,21.825508122274396,62.761400660542876,1017.6544369139592,0
2024-11-16 19:10:00,21.82834974222963,46.212726256299575,1022.052612392105,0
2024-11-16 19:20:00,25.358746565913005,50.047016414000545,1019.0747205342749,0
2024-11-16 19:30:00,21.70241192968269,42.94779793568708,1013.5288519176206,0
2024-11-16 19:40:00,25.332625001818425,46.965675492045975,1011.3411061411393,0
2024-11-16 19:50:00,24.9251825857079,45.54414403145425,1005.3570435187036,0
2024-11-16 20:00:00,20.548386542418807,62.96778943077157,1014.5526981895711,0
2024-11-16 20:10:00,22.64487069532869,49.41390520998886,1007.4239138601454,0
2024-11-16 20:20:00,26.388218806094745,55.993405477956905,1009.0343266819303,0
2024-11-16 20:30:00,22.037668937720635,51.953892769105565,1007.0462709963166,0
2024-11-16 20:40:00,23.071191475381223,44.844277871897496,1010.6980383367168,0
2024-11-16 20:50:00,24.924121786503793,53.653596614626856,1012.8601529275651,0
2024-11-16 21:00:00,25.56678101856519,59.79282665490876,1014.3680729058285,0
2024-11-16 21:10:00,23.496922227911007,45.337924859653185,1009.9974668229302,0
2024-11-16 21:20:00,22.804979610616716,61.47290232585103,1018.3464185319759,0
2024-11-16 21:30:00,26.844739723397016,48.20223262817843,1011.9589737100501,0
2024-11-16 21:40:00,27.477799327595157,51.136128591417275,1009.0613878336724,0
2024-11-16 21:50:00,25.95771610156359,59.245464984080385,1014.1314613362172,0
2024-11-16 22:00:00,24.170636285130048,49.692510742244096,1022.8177641677191,0
2024-11-16 22:10:00,22.383468556718146,55.300598874686926,1014.6758028326756,0
2024-11-16 22:20:00,22.339111186886868,52.48247336969526,1011.185721863132,0
2024-11-16 22:30:00,25.045028210531516,56.03494405363055,1005.3626932194064,0
2024-11-16 22:40:00,24.836796441777366,35.95408715581202,1011.9029383951397,0
2024-11-16 22:50:00,26.80319718589286,40.362545478335335,1014.1746406254406,0
2024-11-16 23:00:00,25.30090018507228,59.927736048374705,1011.0620955437222,0
2024-11-16 23:10:00,20.993839396480364,63.297451245192406,1004.673076808795,0
2024-11-16 23:20:00,26.103895235445837,47.71610637174783,1008.7471730524828,0
2024-11-16 23:30:00,22.003878745371175,53.04777318263093,1020.2726923044388,0
2024-11-16 23:40:00,23.232057456095298,57.35775402321841,1020.1700050186523,0
2024-11-16 23:50:00,24.50040041250339,60.54574081326963,1008.566804153977,0
2024-11-17 00:00:00,27.991334979567927,38.778581826633214,1016.3637839359972,0
2024-11-17 00:10:00,30.219837112010723,47.911678024172986,1007.1071360761491,0
2024-11-17 00:20:00,25.213446118272365,52.339364961201,1020.0215814099747,0
2024-11-17 00:30:00,23.633606762559225,60.62512157788839,1014.2261792394712,0
2024-11-17 00:40:00,25.0690112969611,74.98744386977197,1017.7482074930826,0
2024-11-17 00:50:00,25.775310851747673,53.17595418552226,1004.4245332640874,0
2024-11-17 01:00:00,23.358664748885616,43.74418030316809,1016.3881855096245,0
2024-11-17 01:10:00,27.590422711824644,58.218144617610385,1012.9616296815775,0
2024-11-17 01:20:00,24.460141518382805,65.56796631632568,1017.2596453539542,0
2024-11-17 01:30:00,24.995486178182787,55.86411296783601,1017.5743389904892,0
2024-11-17 01:40:00,25.331848504108923,47.74681163876566,1013.3289234473738,0
2024-11-17 01:50:00,24.843173221228913,62.663951531840155,1009.9958518045204,0
2024-11-17 02:00:00,25.677881000939223,60.30836494798748,1016.8984809108974,0
2024-11-17 02:10:00,22.765493626906153,46.79135324643501,1012.6992275029744,0
2024-11-17 02:20:00,22.883396492107938,58.051404940274736,1008.6360752323618,0
2024-11-17 02:30:00,21.79969153405661,62.97812454127098,1008.3992388427116,0
2024-11-17 02:40:00,24.879002461240454,64.45512034047115,1005.6141779184381,0
2024-11-17 02:50:00,25.557873007024227,54.468408197524354,1010.4485442021847,0
2024-11-17 03:00:00,24.915545732303773,52.135364430565446,1018.513460230372,0
2024-11-17 03:10:00,27.348984866695076,64.8181905766501,1013.8891489985272,0
2024-11-17 03:20:00,23.988807962341905,45.318715976152916,1010.3511614703848,0
2024-11-17 03:30:00,25.337483311185025,58.50863432736804,1017.0242796909004,0
2024-11-17 03:40:00,21.816598247721373,44.03978698108457,1008.837616891383,0
2024-11-17 03:50:00,23.225800595051197,63.523010178076824,1013.4767513716639,0
2024-11-17 04:00:00,25.391075515131554,52.935635875110705,1012.1018481363724,1
2024-11-17 04:10:00,25.69820422148629,68.14866588517975,1016.8956531279417,0
2024-11-17 04:20:00,23.412066104671634,64.93130205084421,1005.1138581454024,0
2024-11-17 04:30:00,23.856801496283865,54.21423815950456,1008.7490112709268,0
2024-11-17 04:40:00,20.96425250663838,78.39702185661795,1004.8087717045273,0
2024-11-17 04:50:00,23.28594159838678,82.40996213142184,1011.7020163909536,0
2024-11-17 05:00:00,25.780766327039572,80.05829194079372,1019.0571375181621,0
2024-11-17 05:10:00,25.15041003221313,69.90729707971025,1010.4727639517324,0
2024-11-17 05:20:00,25.00133144276242,76.55188836514073,1010.4465803090218,0
2024-11-17 05:30:00,24.09954737436192,83.16341773924609,1017.3586221209207,0
2024-11-17 05:40:00,24.014126317256352,79.37031680534854,1018.3427477922766,0
2024-11-17 05:50:00,22.679357721053105,68.53877257970564,1012.557144663656,0
2024-11-17 06:00:00,25.39765684040507,56.15461177380829,1016.4235742702494,0
2024-11-17 06:10:00,24.84194588877878,33.37321562314114,1007.6152272956102,0
2024-11-17 06:20:00,24.9840376959856,57.71484650204976,1019.889871669627,0
2024-11-17 06:30:00,22.947930314664838,52.2147408254615,1023.7435314696853,0
2024-11-17 06:40:00,19.69331416025751,54.40058755105242,1015.6060789559436,0
2024-11-17 06:50:00,26.19430542350739,52.051045073714405,1002.578341893286,0
2024-11-17 07:00:00,23.04232508798319,61.4563713328535,1010.2088486880111,0
2024-11-17 07:10:00,22.274448471913757,63.957502228427046,1016.0641266083466,0
2024-11-17 07:20:00,25.386957823827988,57.26442529806923,1010.8925850141682,0
2024-11-17 07:30:00,23.21597472016174,52.28551050289473,1019.3609927712505,0
2024-11-17 07:40:00,26.119872768093245,54.66930236152664,1015.9407863221793,0
2024-11-17 07:50:00,25.234011899153394,55.15679693262103,1009.467622496171,0
2024-11-17 08:00:00,25.367138646400957,48.580559681081304,1013.1613240538562,0
2024-11-17 08:10:00,21.26808857759893,59.63142918856988,1008.5308338968046,0
2024-11-17 08:20:00,26.4238879707728,58.68033859088373,1012.0870756079378,0
2024-11-17 08:30:00,24.52250106246771,67.32352991821338,1010.2270337978373,0
2024-11-17 08:40:00,23.261445721507595,65.0427982423078,1018.8738090011652,0
2024-11-17 08:50:00,24.286776934684504,49.514600659278955,1023.580060284155,0
2024-11-17 09:00:00,20.447529534203362,61.562386996071716,1005.8440583338213,0
2024-11-17 09:10:00,24.817305622961342,47.392372935244225,1003.3839185689512,1
2024-11-17 09:20:00,21.941256983635856,60.567456807526796,1003.3839185689512,0
2024-11-17 09:30:00,21.294659428312933,50.86708640991914,1003.3839185689512,0
2024-11-17 09:40:00,20.95528162756422,46.813974212995326,1003.3839185689512,0
2024-11-17 09:50:00,26.22537674997985,57.24036274157923,1003.3839185689512,0
2024-11-17 10:00:00,22.741473212614423,33.60346297476687,1003.3839185689512,0
2024-11-17 10:10:00,27.067455419833,40.99219540475818,1014.0069727935764,0
2024-11-17 10:20:00,22.928397073895404,53.58006492980574,1012.0342238757521,0
2024-11-17 10:30:00,20.585284084814106,55.659534133078736,1003.1080754171346,0
2024-11-17 10:40:00,21.766951120102682,52.04544983873449,1013.130925745929,0
2024-11-17 10:50:00,26.471623240013876,42.36450961025921,1013.3564363027473,0
2024-11-17 11:00:00,23.688203644126666,48.45686526289195,1016.1947840710637,1
2024-11-17 11:10:00,22.903425407018798,61.12967461789915,1009.4575594923546,0
2024-11-17 11:20:00,24.320036451705576,65.6542541650269,1010.8247369988208,0
2024-11-17 11:30:00,25.00356547233509,63.87021505923247,1005.6099887234791,0
2024-11-17 11:40:00,26.234797631804923,76.25467024829591,1001.5435359655796,0
2024-11-17 11:50:00,26.896998459785852,73.17917618767387,1007.4575145460161,0
2024-11-17 12:00:00,23.28046270842183,67.0203547683343,1005.148370928735,0
2024-11-17 12:10:00,21.347904627835923,73.75598357270707,1014.683561477103,0
2024-11-17 12:20:00,23.173069677753446,67.77707074233716,1010.4093297166658,0
2024-11-17 12:30:00,24.52056101316577,81.13488807686866,1010.308814349626,0
2024-11-17 12:40:00,22.07248214757878,93.89680495377071,1008.0779347691239,0
2024-11-17 12:50:00,22.085698170209913,60.482320677687746,996.8371728374378,0
2024-11-17 13:00:00,24.687575763099773,66.21607460735298,1020.5415537437377,0
2024-11-17 13:10:00,23.902695296859097,52.576918049608054,1007.9986473861161,0
2024-11-17 13:20:00,37.935736650484415,65.76879835611406,1010.9378996507504,1
2024-11-17 13:30:00,22.48300933059986,53.45356618841624,1005.7255391735534,0
2024-11-17 13:40:00,23.539198571588464,66.77268066055915,1017.8596517172032,0
2024-11-17 13:50:00,22.15153371146339,54.82514602046301,1013.7171446851867,0
2024-11-17 14:00:00,25.780396822249575,60.65785099043421,1008.8681735736707,0
2024-11-17 14:10:00,26.070498669447506,66.80089891447885,1011.0388519432798,0
2024-11-17 14:20:00,20.307624275523814,53.452578971350356,1021.3908996106244,0
2024-11-17 14:30:00,22.14097827961518,56.747111900353396,1012.6351528405936,0
2024-11-17 14:40:00,38.46491852400708,65.31090740165041,1012.0913323119205,1
2024-11-17 14:50:00,22.699952131186205,53.93597468855949,1008.2930925693037,1
2024-11-17 15:00:00,23.83312406041928,47.43286173995071,1003.5270942476385,0
2024-11-17 15:10:00,21.10070956060294,78.14405643667928,1012.1998066321033,0
2024-11-17 15:20:00,22.156280373749375,60.2418842853029,1014.6274255616231,0
2024-11-17 15:30:00,21.992085255837004,68.27004840750034,1018.4979223216384,0
2024-11-17 15:40:00,24.414534658797887,79.24805335560902,1001.7575173275018,0
2024-11-17 15:50:00,24.1386886740725,68.13204877015039,1007.3745183648848,0
2024-11-17 16:00:00,22.556524893325495,67.93705669422296,1010.0962945472178,0
2024-11-17 16:10:00,24.353641744278796,81.02989837419867,1012.9825957571339,0
2024-11-17 16:20:00,22.90663983082547,67.65538881670088,1012.2748315423579,0
2024-11-17 16:30:00,23.456689779347894,82.69675138505664,1012.3915565715637,0
2024-11-17 16:40:00,27.346904180597075,56.96030931452325,1015.0404802928497,0
2024-11-17 16:50:00,26.680922103580695,52.84038482539869,1008.4835344461045,0
2024-11-17 17:00:00,21.400837526144805,42.65239245451402,1017.6707072111685,0
2024-11-17 17:10:00,25.65946483575835,67.7534236496321,1015.1672622084974,0
2024-11-17 17:20:00,25.622793108983185,55.828305231593404,1011.4008386793596,0
2024-11-17 17:30:00,21.703473422494763,66.44921694209393,1021.0045399594446,0
2024-11-17 17:40:00,25.63755528750972,52.91970999855644,1020.7820801778588,0
2024-11-17 17:50:00,27.075863836825107,47.95990414647389,1017.6644767759691,0
2024-11-17 18:00:00,21.754910387511174,57.15344736204128,997.9072161471611,0
2024-11-17 18:10:00,22.164994357971473,53.27370298937424,1020.8947254635899,0
2024-11-17 18:20:00,26.035322933687006,45.577908336069136,1016.9737926123597,0
2024-11-17 18:30:00,24.542990621651295,66.75827407029996,1023.0320431885647,0
2024-11-17 18:40:00,25.102952550479046,50.02183821684803,1019.1873229586677,0
2024-11-17 18:50:00,24.681178432800994,40.27786892163545,1020.8917133874864,0
2024-11-17 19:00:00,24.781391841856287,65.62532843165866,1017.3932742509019,0
2024-11-17 19:10:00,21.347055743377833,50.96561587349901,1019.7434659932276,1
2024-11-17 19:20:00,26.094635413242898,53.13740885907501,1022.9706187036722,1
2024-11-17 19:30:00,26.339179984855548,49.87689930376021,1014.082773691891,0
2024-11-17 19:40:00,23.541218511863946,83.92753189277593,1005.1388472796093,0
2024-11-17 19:50:00,23.913046100372274,65.6841553023225,1011.4626954999243,0
2024-11-17 20:00:00,20.937784994888556,82.4675958456452,1014.9497279969172,0
2024-11-17 20:10:00,25.02850951203567,95.30096258032353,1013.3744379218577,0
2024-11-17 20:20:00,25.144114883428287,97.37373546402478,1006.7671901692029,0
2024-11-17 20:30:00,23.87561796600138,99.52276550406248,1004.8446618740251,0
2024-11-17 20:40:00,26.248706719741005,92.38667313370067,1009.2941866568259,0
2024-11-17 20:50:00,23.33184553804012,105.52220131386173,1017.0386977799208,0
2024-11-17 21:00:00,25.1292118517872,86.50240270434017,1020.9016988541149,0
2024-11-17 21:10:00,21.96067132261577,48.70260744010403,1017.5828380688885,0
2024-11-17 21:20:00,23.952895698251524,56.62687567999014,1018.2871364355707,0
2024-11-17 21:30:00,23.651291484194328,60.453947270521134,1012.5959221341822,0
2024-11-17 21:40:00,24.450615844081884,62.70002308640081,1004.2895877114702,0
2024-11-17 21:50:00,23.26094614233328,45.19056513749853,1010.7238970955865,0
2024-11-17 22:00:00,23.737054808656666,72.57316843983163,1011.7061779406381,0
2024-11-17 22:10:00,25.65209434288301,61.139834756433046,1010.5147375658216,0
2024-11-17 22:20:00,23.126471525523566,54.98628677064749,1013.2734743268732,0
2024-11-17 22:30:00,20.78684579852264,63.71629266461312,1015.2070987994648,0
2024-11-17 22:40:00,27.499167808410842,73.92326217599978,1017.2650759412174,0
2024-11-17 22:50:00,26.762908157380974,43.490239191545044,1011.6094006781683,0
2024-11-17 23:00:00,21.415474609788763,53.197898860069174,1003.4812029717771,0
2024-11-17 23:10:00,25.37941561049039,35.97254672101337,1010.5856114035444,0
2024-11-17 23:20:00,22.994050458897313,56.5412122611842,1013.21855198496,0
2024-11-17 23:30:00,37.83025132432766,57.923153935401125,1019.1140396106671,1
2024-11-17 23:40:00,24.588448258026986,54.686703076457924,1010.1609607890795,0
2024-11-17 23:50:00,23.531184399367355,49.76373143201352,1015.562718141997,0
2024-11-18 00:00:00,22.432468668827205,38.6038838704934,1014.4504394981772,0
2024-11-18 00:10:00,22.61891789536748,57.98826946729415,1013.2195026656169,0
2024-11-18 00:20:00,22.167616169037515,66.64347587132261,1017.6526665966229,0
2024-11-18 00:30:00,22.33635558353911,50.27185235413254,1009.6957940162371,0
2024-11-18 00:40:00,23.86564341990129,58.52047943218516,1010.1240677517824,0
2024-11-18 00:50:00,22.568480021778498,42.45484549263959,1012.9404958845289,0
2024-11-18 01:00:00,25.36410413142524,58.65770450954011,1009.7992674745315,0
2024-11-18 01:10:00,26.974492310671856,51.85294161804274,1015.540061455273,0
2024-11-18 01:20:00,22.839893517259913,48.90065639517668,1009.4340384781693,0
2024-11-18 01:30:00,24.478809001070754,48.917090870270954,1014.1315210387256,0
2024-11-18 01:40:00,24.99937022060587,51.85110734373592,1012.4991361560662,0
2024-11-18 01:50:00,24.94400454183855,58.05946652554028,1014.0746298238836,0
2024-11-18 02:00:00,24.151910535832176,44.502694390435856,1010.7012930246848,0
2024-11-18 02:10:00,25.485364836719445,51.82307734745718,1011.3045585273659,0
2024-11-18 02:20:00,24.964497905361313,54.66822577600682,1013.4800463399853,0
2024-11-18 02:30:00,21.524675155345406,46.207686203745126,1014.0103725308065,0
2024-11-18 02:40:00,25.738312128778546,69.37332161340014,1012.9789904230443,0
2024-11-18 02:50:00,25.774581674533483,48.17203615950927,1021.5268117825655,0
2024-11-18 03:00:00,22.473427791642838,49.644504690932074,1008.0463154062936,0
2024-11-18 03:10:00,24.075875670895204,47.173536401420016,1012.6789810252365,0
2024-11-18 03:20:00,25.36665798562214,69.38784069710493,1005.1318548894151,0
2024-11-18 03:30:00,23.58137236084128,59.42324182879585,1014.8604073933369,0
2024-11-18 03:40:00,26.145956095532025,47.50726395005086,1007.4237673181159,0
2024-11-18 03:50:00,28.727744989238722,63.84985247087975,1011.6084487206172,0
2024-11-18 04:00:00,22.428027934730036,56.605589554311024,1011.1396783733434,0
2024-11-18 04:10:00,21.23791079369245,57.05802736889201,1014.4044556330059,0
2024-11-18 04:20:00,24.60763719120975,52.244182329980376,1010.236045412274,0
2024-11-18 04:30:00,25.443125010252288,49.004672104344216,1010.02347151153,0
2024-11-18 04:40:00,23.53826725231046,57.70212879243681,1020.1792823204295,0
2024-11-18 04:50:00,26.906521326642068,50.63930216003528,1014.4228339523727,0
2024-11-18 05:00:00,21.322788400553502,69.53404503660084,1010.1947457398886,0
2024-11-18 05:10:00,25.385837246063222,44.84567115805517,1011.7458316409438,0
2024-11-18 05:20:00,22.788278358482213,67.28925418283956,1021.2267747613537,0
2024-11-18 05:30:00,27.438755812414595,54.109449209617594,1011.8241756087446,0
2024-11-18 05:40:00,27.985030706336236,57.39268587216885,1009.5536168842381,0
2024-11-18 05:50:00,22.466686824433303,61.665262133035476,1009.575019249368,0
2024-11-18 06:00:00,22.90088572818284,49.95800563996451,1010.2543675950521,0
2024-11-18 06:10:00,25.719175773959606,61.91398707758909,1010.0275113878664,0
2024-11-18 06:20:00,23.22573870042097,33.339649156950586,1006.6017607582538,0
2024-11-18 06:30:00,23.909177564135522,49.240083734224484,1007.3789995152651,0
2024-11-18 06:40:00,24.05077684108482,47.60749754127148,1008.8533981281931,0
2024-11-18 06:50:00,20.160653687604686,44.9719519010259,1015.9578550922655,0
2024-11-18 07:00:00,23.972324507811525,53.280361295368394,1011.0938135636356,0
2024-11-18 07:10:00,22.620544451871652,58.085999745453556,1011.9641915545297,0
2024-11-18 07:20:00,23.013754355200454,60.62127998799445,1019.3504401262745,0
2024-11-18 07:30:00,26.887264006937627,56.92701405760326,1019.4750357496921,0
2024-11-18 07:40:00,21.486986211441486,49.674452280851625,1011.5893752843114,0
2024-11-18 07:50:00,25.626410373495954,57.95213150260134,1009.8456824465829,0
2024-11-18 08:00:00,23.442074139336384,55.99428555880681,1008.6778484316324,0
2024-11-18 08:10:00,23.440479663008333,62.48844934348813,1016.4638788485412,0
2024-11-18 08:20:00,25.580743792103423,61.21549362345213,1011.9764638323886,0
2024-11-18 08:30:00,24.680102589137782,55.24381131136503,1011.067525548386,0
2024-11-18 08:40:00,25.14122599443906,47.82197595070995,1008.9316771243123,0
2024-11-18 08:50:00,25.936369321065722,49.77639875334335,1009.151667954943,0
2024-11-18 09:00:00,23.337383233633354,50.60168512289573,1014.6002909574662,0
2024-11-18 09:10:00,22.7755265309845,52.477869328669954,1006.4228086705637,0
2024-11-18 09:20:00,21.829698946884402,57.14440342071803,1017.9743434689397,0
2024-11-18 09:30:00,22.34917894004209,60.721395121024464,1010.3307767809254,0
2024-11-18 09:40:00,29.89818885061745,54.59105045587698,1012.2518202787411,0
2024-11-18 09:50:00,26.489359161473573,55.12899830320378,1006.3151102092972,0
2024-11-18 10:00:00,21.297851267583958,56.14645044000003,1012.9381703087881,0
2024-11-18 10:10:00,21.35508408651286,50.87275749494128,1011.3583952865472,0
2024-11-18 10:20:00,24.963732123436984,47.59686193885635,1012.7495970057176,0
2024-11-18 10:30:00,25.094529594755933,40.95649682151432,1020.3585444918094,1
2024-11-18 10:40:00,25.097767670634727,52.438805135385024,1013.8884902289512,0
2024-11-18 10:50:00,23.490088412892604,64.78516362614229,1009.026704079271,0
2024-11-18 11:00:00,23.7490914799942,58.37670849568346,1009.4434004472672,0
2024-11-18 11:10:00,24.655759048318714,65.09754370059248,1015.9756559295688,0
2024-11-18 11:20:00,24.17178601258666,73.73145029929853,1019.4934664549671,0
2024-11-18 11:30:00,19.56139925450493,77.16551597138135,1014.4095901037552,0
2024-11-18 11:40:00,23.540400738849613,67.36373718267168,1016.4435637227739,0
2024-11-18 11:50:00,22.297187131479372,86.97647485162913,1016.0486886166835,1
2024-11-18 12:00:00,24.350422837817025,94.01880071484388,1020.0953220667876,0
2024-11-18 12:10:00,29.97051800520682,81.96120114225153,1003.2520491363698,0
2024-11-18 12:20:00,24.73496333094861,57.40930504287077,1016.3360946965227,0
2024-11-18 12:30:00,23.372940627655204,76.52872546516953,1017.9186802195178,0
2024-11-18 12:40:00,25.843603003954506,68.82517182995758,1006.3063814693221,0
2024-11-18 12:50:00,24.965375774418426,55.24177642038519,1008.571659079968,0
2024-11-18 13:00:00,24.840188980903683,64.8025479621385,1008.7460862568593,0
2024-11-18 13:10:00,25.213701186431344,77.00504299862016,1009.356049018113,0
2024-11-18 13:20:00,28.113087129659082,72.69565879772318,1010.5914147453224,0
2024-11-18 13:30:00,21.738223129348167,81.69260983490847,1014.2130140652747,1
2024-11-18 13:40:00,24.94726415362291,58.25916970946863,1017.3283732558368,0
2024-11-18 13:50:00,22.147237740036925,72.69803683227784,1018.4065847888427,0
2024-11-18 14:00:00,25.111025292684495,61.67636867017769,1008.8108846941611,0
2024-11-18 14:10:00,22.162626977027813,75.58033439658207,1008.7764850064851,0
2024-11-18 14:20:00,23.16526637278983,81.43008129629416,1019.5791092000811,0
2024-11-18 14:30:00,23.40982017152419,84.47447735481661,1016.2337196770932,0
2024-11-18 14:40:00,25.951633438689417,78.27803674708454,1013.414324209345,0
2024-11-18 14:50:00,25.836908887884828,63.293686817288204,1015.3666833777748,0
2024-11-18 15:00:00,21.50856524710723,85.68659892323092,1012.8509810907428,0
2024-11-18 15:10:00,24.109868221999697,93.38719910250833,1015.6229234152381,0
2024-11-18 15:20:00,22.580840290501655,54.351463156516665,1011.3196665174713,0
2024-11-18 15:30:00,21.48299017864933,68.95667096060198,1014.3440246721962,0
2024-11-18 15:40:00,23.56596589915126,61.87866849173966,1005.4472697481525,0
2024-11-18 15:50:00,23.38303442308836,59.54618701722227,1009.5610785258729,0
2024-11-18 16:00:00,28.853432972691046,63.6910456896467,1009.6149441160483,0
2024-11-18 16:10:00,24.86591965072139,57.666958810087024,1011.1280498339654,0
2024-11-18 16:20:00,21.244764998491526,35.05751600483717,1008.3674337261012,0
2024-11-18 16:30:00,22.870451991658115,51.00688838823707,1010.3322818708846,0
2024-11-18 16:40:00,26.042766590858797,64.57734421798283,1005.4279296880094,0
2024-11-18 16:50:00,28.17688554573985,48.539269279213634,1015.7435023819745,0
2024-11-18 17:00:00,20.828033375524083,53.212219958104484,1012.587432405443,0
2024-11-18 17:10:00,20.24015122972191,46.641309488775434,1004.4739619611199,0
2024-11-18 17:20:00,27.741930350743566,69.27138076161415,1008.8258504472666,0
2024-11-18 17:30:00,24.779228354741807,68.45193965934412,1014.6830071378108,0
2024-11-18 17:40:00,22.263414536247268,47.92904883887417,1010.2848902680711,0
2024-11-18 17:50:00,25.069258172244872,56.17838400311267,1009.5152926993095,0
2024-11-18 18:00:00,18.728504521966244,49.55604761788762,1012.6270366149596,0
2024-11-18 18:10:00,24.00675101319432,59.91955711225103,1014.7179876758911,0
2024-11-18 18:20:00,24.65564234568617,59.07746461793863,1005.8182377148042,0
2024-11-18 18:30:00,25.84854027907566,61.49364457290612,1015.7506424060894,0
2024-11-18 18:40:00,21.972208095414924,57.6553475816631,1008.9985335919631,0
2024-11-18 18:50:00,24.171374322806717,78.48324965110774,1012.910360158751,0
2024-11-18 19:00:00,22.149150747880824,46.77660987991409,1012.8228992965425,0
2024-11-18 19:10:00,24.510767511348636,41.31517316450788,1010.3646694088011,0
2024-11-18 19:20:00,22.209307355273953,51.85527839438831,1007.8817012693464,0
2024-11-18 19:30:00,23.183798321679557,42.45609387551786,1011.5715672595387,0
2024-11-18 19:40:00,22.00836921041954,43.06030183995206,1021.1266515453759,0
2024-11-18 19:50:00,25.302272483647315,46.989482766416266,1006.1916248476819,0
2024-11-18 20:00:00,25.71690223331333,47.62248875654698,1021.4615650955244,0
2024-11-18 20:10:00,23.53075886008517,47.36305518439952,1011.7013941446173,0
2024-11-18 20:20:00,24.076475989920056,59.14575160356329,1013.1768570854432,0
2024-11-18 20:30:00,21.102817170732912,50.95048751131731,1007.5664459430764,0
2024-11-18 20:40:00,23.400646703986425,53.563883401020156,1009.1436529166126,0
2024-11-18 20:50:00,23.89959076591651,62.15386219600748,1010.48545174981,0
2024-11-18 21:00:00,29.24158618205995,48.86941980174859,1007.7715251456104,0
2024-11-18 21:10:00,21.776065948451674,52.88363281036222,1011.9554102131457,0
2024-11-18 21:20:00,26.928354477504875,57.926079888743324,1010.9649205409661,0
2024-11-18 21:30:00,25.993717546931617,39.467457595038226,1022.2539057121787,0
2024-11-18 21:40:00,24.561272808980274,35.92075592839534,1007.1701290715977,0
2024-11-18 21:50:00,27.51724096839027,57.76893863038178,1013.513452583743,0
2024-11-18 22:00:00,24.744210945213727,58.93611424453519,1014.2392314095091,0
2024-11-18 22:10:00,24.77831839133586,71.51376107881929,1007.6483972567409,0
2024-11-18 22:20:00,23.89375869396491,56.26475900693448,1016.4341374772642,0
2024-11-18 22:30:00,26.447137764837255,61.55791773806476,1011.0083649355919,0
2024-11-18 22:40:00,26.19293846762177,53.43621885131221,1000.5380517420847,0
2024-11-18 22:50:00,22.748645425007574,57.37781777268069,1016.2992480605228,0
2024-11-18 23:00:00,21.361505610802464,68.33805473399627,1007.4152955794882,0
2024-11-18 23:10:00,23.594038725208687,38.00805745499491,1007.7611252693046,0
2024-11-18 23:20:00,22.39992287120471,58.308930060573445,1016.439510414462,0
2024-11-18 23:30:00,23.87295085076929,72.08469384061893,1011.2641925879077,1
2024-11-18 23:40:00,26.474876269368277,57.25627375367474,1011.2641925879077,0
2024-11-18 23:50:00,38.08101980122878,68.20458370586279,1011.2641925879077,1
2024-11-19 00:00:00,23.91435323737685,49.966302803764464,1011.2641925879077,0
2024-11-19 00:10:00,24.11604546961679,54.74362004669029,1011.2641925879077,0
2024-11-19 00:20:00,25.69686176441057,55.2681976191087,1011.2641925879077,0
2024-11-19 00:30:00,19.50622133203079,37.259271365129834,1024.165579585661,1
2024-11-19 00:40:00,22.786599410469407,45.6545773771984,1024.165579585661,0
2024-11-19 00:50:00,24.422567384558945,46.22499936492811,1024.165579585661,0
2024-11-19 01:00:00,26.40015791285372,61.57652862426022,1024.165579585661,0
2024-11-19 01:10:00,23.016195104987588,61.97722484547244,1024.165579585661,1
2024-11-19 01:20:00,20.246894587916252,57.592291541652266,1024.165579585661,0
2024-11-19 01:30:00,25.23942289193227,61.59282317484565,1024.165579585661,0
2024-11-19 01:40:00,22.72927522234874,53.68680469822581,1024.165579585661,0
2024-11-19 01:50:00,21.620666681819277,64.61545335631635,1024.165579585661,0
2024-11-19 02:00:00,22.751309220573553,55.07030754105657,1024.165579585661,0
2024-11-19 02:10:00,23.630949284688302,55.46291237941405,1013.6674970953069,0
2024-11-19 02:20:00,22.790510670923574,52.87525893390071,998.1334691435372,0
2024-11-19 02:30:00,19.58886788580186,60.475603821091426,1006.671817774551,0
2024-11-19 02:40:00,25.794132393774266,51.6304094670967,1009.2595450857567,0
2024-11-19 02:50:00,26.549750082557445,62.811451017584545,1014.4582946659452,0
2024-11-19 03:00:00,25.30304398267901,45.942806874271945,1014.446694528215,0
2024-11-19 03:10:00,21.724628659150365,46.20866996217445,1012.1488810401441,0
2024-11-19 03:20:00,23.597016932104964,60.49941404101203,1016.1762276830198,0
2024-11-19 03:30:00,23.986957369541084,54.2916462833359,1007.8687881234855,0
2024-11-19 03:40:00,25.19758877912382,51.36886867077497,1016.05117502847,0
2024-11-19 03:50:00,25.33668097743616,62.120461859803676,1015.3737105241995,0
2024-11-19 04:00:00,22.531652402443008,50.14190868731132,1014.8877736641896,0
2024-11-19 04:10:00,24.16399111282712,53.39838996559704,1012.0897978445718,0
2024-11-19 04:20:00,24.914560809230483,66.19382360056927,1022.1537191241563,0
2024-11-19 04:30:00,26.91164464429353,67.3131387664852,1015.4659784424493,0
2024-11-19 04:40:00,25.409013079649448,67.57918568216262,1008.1583206837322,0
2024-11-19 04:50:00,25.578113374751037,52.74299378452871,1014.24152737868,1
2024-11-19 05:00:00,24.16765325585872,64.84562323987576,1014.24152737868,0
2024-11-19 05:10:00,26.820918290407008,47.40837737785058,1014.24152737868,0
2024-11-19 05:20:00,24.819525591918996,47.744777002223515,1014.24152737868,0
2024-11-19 05:30:00,22.27782417965286,36.196353179005115,1014.24152737868,0
2024-11-19 05:40:00,26.80673994025038,68.38294561518823,1014.24152737868,0
2024-11-19 05:50:00,25.395806545078056,48.08816120739137,1014.4983598866896,0
2024-11-19 06:00:00,23.113911957743035,53.98773936202352,1010.9698542279364,0
2024-11-19 06:10:00,23.041014065201512,47.71740526457373,1015.6858990727087,0
2024-11-19 06:20:00,24.593151090281523,60.561321986641126,1017.7210742012591,1
2024-11-19 06:30:00,24.92636959053517,51.99493071426128,1017.7210742012591,1
2024-11-19 06:40:00,24.394584531262414,44.561464876536405,1017.7210742012591,0
2024-11-19 06:50:00,24.622617346885768,58.533300513488484,1017.7210742012591,0
2024-11-19 07:00:00,27.39991474915276,43.530159801518174,1017.7210742012591,0
2024-11-19 07:10:00,26.143086304469772,48.30075419747607,1017.7210742012591,0
2024-11-19 07:20:00,24.38127118253005,38.14488708299135,1013.9758102357091,1
2024-11-19 07:30:00,25.882621161534967,46.60833510241915,1016.8938715398889,0
2024-11-19 07:40:00,21.93495219294492,62.42823335776382,1010.0266350641891,0
2024-11-19 07:50:00,24.795854099893617,48.283711695176606,1010.8871579048939,0
2024-11-19 08:00:00,27.61861269946622,55.15083420302628,1006.4375565483184,0
2024-11-19 08:10:00,23.563908209215253,69.98104867093753,1014.2070455818503,0
2024-11-19 08:20:00,22.30473214276183,68.65114483125558,1014.6262583792717,0
2024-11-19 08:30:00,22.695822222813877,91.93629308767447,1018.8963157928962,0
2024-11-19 08:40:00,21.820733925315224,93.671172368195,1016.9557000217794,0
2024-11-19 08:50:00,22.43047618374459,75.05662029799078,1011.5760222167628,0
2024-11-19 09:00:00,23.25898380281994,89.45710094722786,1007.1091015633286,0
2024-11-19 09:10:00,21.188865961642716,60.99426045503561,1015.1642520125998,0
2024-11-19 09:20:00,24.031236667899208,50.220169135804774,1018.5537658620732,0
2024-11-19 09:30:00,25.804554347573294,43.03566770801437,1016.7759248690197,0
2024-11-19 09:40:00,22.18448763970616,54.90161240553554,1018.4223876242864,0
2024-11-19 09:50:00,39.47575430309734,53.61723460148711,1011.9405523440088,1
2024-11-19 10:00:00,25.02158417705519,51.51388402423505,1010.6669051591218,0
2024-11-19 10:10:00,26.061161171248116,58.53853494531588,1009.315493238841,0
2024-11-19 10:20:00,22.684330892295726,48.99416314395521,1012.720517666932,0
2024-11-19 10:30:00,25.70905045413323,45.78401961936686,1012.6070460201558,0
2024-11-19 10:40:00,21.816132199209374,55.87266376279865,1014.0333881426956,0
2024-11-19 10:50:00,25.780495001673017,58.087760740551005,1012.3535127148225,0
2024-11-19 11:00:00,24.34367867958706,45.58684044879958,1012.3318613513661,0
2024-11-19 11:10:00,25.106502439969567,62.42472488792865,1009.1165297351392,0
2024-11-19 11:20:00,21.648810788750296,40.83615089779138,1017.7080950677574,0
2024-11-19 11:30:00,22.20986031544679,50.37509233027485,1013.3825903112186,0
2024-11-19 11:40:00,25.19445643650677,52.935931710419126,1012.1277803285736,0
2024-11-19 11:50:00,22.1033039915516,49.91021029878456,1009.262853733754,0
2024-11-19 12:00:00,24.926412584198246,50.47951621159046,1006.3404344480446,0
2024-11-19 12:10:00,21.26572438707951,69.96859585846491,1019.5398209627467,0
2024-11-19 12:20:00,25.696348425333337,48.19292728768881,1015.773193540659,0
2024-11-19 12:30:00,21.534953370462983,74.52977377977531,1004.8804107871501,0
2024-11-19 12:40:00,25.104599875359046,58.49701423784842,1016.8157115035483,0
2024-11-19 12:50:00,25.251261867292,55.73644109849594,1017.6124058511656,0
2024-11-19 13:00:00,22.60645636314085,58.809922827101325,1013.6218806115046,0
2024-11-19 13:10:00,25.164053134169453,75.23942199401561,1020.9905544787588,0
2024-11-19 13:20:00,24.52088452666711,47.05125596854842,1014.0835982106145,0
2024-11-19 13:30:00,22.922316287614525,46.03665664850889,1005.915882360254,0
2024-11-19 13:40:00,21.982890631847585,48.96107042742463,1014.8258450052416,0
2024-11-19 13:50:00,20.07474861665484,55.25714517571649,1014.2244865085637,0
2024-11-19 14:00:00,24.699300094599387,41.19383100149941,1009.9835157561092,0
2024-11-19 14:10:00,20.87039445727589,55.178713914548865,1015.8677941843871,0
2024-11-19 14:20:00,24.190688398882617,68.54837706730937,1004.6616736690457,0
2024-11-19 14:30:00,23.4731035678355,56.21125912499822,1017.9528341372139,0
2024-11-19 14:40:00,25.358285550876392,52.658516328197784,1008.6093914819727,0
2024-11-19 14:50:00,23.39590900102027,50.05471641053098,1008.0752693744148,0
2024-11-19 15:00:00,23.34110442730582,62.18809363641252,1012.4308761384626,0
2024-11-19 15:10:00,25.463741408576592,48.39333781409562,1015.1648646402182,0
2024-11-19 15:20:00,24.670116058168237,69.77116736479398,1013.8196203179672,0
2024-11-19 15:30:00,24.632311914365555,70.46687798171486,1009.2867041711381,0
2024-11-19 15:40:00,24.938535179617052,57.0540063892943,1010.4695535440405,0
2024-11-19 15:50:00,20.92885575358579,54.90787929538684,1007.3347882631127,0
2024-11-19 16:00:00,25.513577359973965,63.24527846593247,1011.8766004918507,0
2024-11-19 16:10:00,25.224937588027206,63.7583880178186,1018.3751060725546,0
2024-11-19 16:20:00,21.966633742847005,48.55206615152468,1012.9786853117806,0
2024-11-19 16:30:00,23.5118390526516,50.787558934906386,1017.2970712737973,0
2024-11-19 16:40:00,23.921385424744738,44.42122052253364,1020.277006688631,0
2024-11-19 16:50:00,23.731006431196533,58.27251950667246,1010.0599074048151,0
2024-11-19 17:00:00,24.667719933137068,60.33302306765513,1012.0671337347231,0
2024-11-19 17:10:00,26.862733563662367,44.200594897109816,1023.8559643053125,0
2024-11-19 17:20:00,26.163533455345657,51.35840876147073,1020.2217170598997,0
2024-11-19 17:30:00,21.375561613137187,44.22196865934921,1004.6379773709382,0
2024-11-19 17:40:00,25.244139980612097,47.8096015180493,1014.9357415803046,0
2024-11-19 17:50:00,26.657866639070818,59.408136481810395,1013.0027999616984,0
2024-11-19 18:00:00,24.773617041378404,49.132143466573766,1017.1322655542938,0
2024-11-19 18:10:00,26.181960850371933,52.59339235174161,1009.2751061625747,0
2024-11-19 18:20:00,28.02454089140153,41.981506176421476,1008.8019581397966,0
2024-11-19 18:30:00,26.047419092213964,56.49592167779731,1009.619646423532,0
2024-11-19 18:40:00,24.498617191283458,54.64581344124281,1010.1403572690078,0
2024-11-19 18:50:00,26.090176948169507,49.168325999734705,1017.0766208340451,0
2024-11-19 19:00:00,24.289775666193783,53.487885618540204,1007.0939941342556,0
2024-11-19 19:10:00,24.04780608656991,56.442359044027555,1009.8869305002034,0
2024-11-19 19:20:00,23.297171528572534,48.48105480872525,1004.0549380474928,0
2024-11-19 19:30:00,27.126826717664215,43.18989964798577,1018.0355891170618,0
2024-11-19 19:40:00,22.363142668115998,69.44459546149452,1019.3551504971557,0
2024-11-19 19:50:00,27.06473544935623,49.93381836231782,1011.3646328456811,0
2024-11-19 20:00:00,24.999728247480743,54.22591917450489,1011.5102531759339,0
2024-11-19 20:10:00,21.201387650396118,63.08671788016251,1015.2661095114145,0
2024-11-19 20:20:00,24.735298585982843,83.23244150056388,1020.3724100368913,1
2024-11-19 20:30:00,19.799946984696753,48.04410840088907,1015.0430537378196,0
2024-11-19 20:40:00,25.251016033662072,64.59861770981209,1009.5122902876244,0
2024-11-19 20:50:00,25.77046296597798,58.33958171764715,1004.9058871400678,0
2024-11-19 21:00:00,22.815288088695894,62.68967756338631,1007.4243686866826,0
2024-11-19 21:10:00,24.247095391911163,64.23830383194567,1013.3660972515623,0
2024-11-19 21:20:00,27.90831486750057,63.99476025759532,1009.723362383996,0
2024-11-19 21:30:00,22.988506591476128,75.6696691057227,1013.9748385299538,0
2024-11-19 21:40:00,21.8821848258868,67.20397850361411,1010.2353799188188,0
2024-11-19 21:50:00,26.9633268049252,89.57446053209496,1007.709267843528,0
2024-11-19 22:00:00,27.925174381061588,85.440023488267,1007.1148418427347,0
2024-11-19 22:10:00,24.007391343695694,58.37947978321152,1020.8117725468661,0
2024-11-19 22:20:00,26.022926070816712,51.270491104430214,1017.4449387459182,0
2024-11-19 22:30:00,26.68295183106176,52.06236852630602,1021.6525897591398,0
2024-11-19 22:40:00,22.51503153492323,57.300511241338626,1015.6997545037755,0
2024-11-19 22:50:00,23.029388329264265,45.6875949407534,1010.8500429569258,0
2024-11-19 23:00:00,26.46174902630947,52.136076524693316,1019.6167046124497,0
2024-11-19 23:10:00,27.37002855741702,48.12309188897237,1012.8346599931912,0
2024-11-19 23:20:00,25.12576172034871,47.87544951527188,1014.1042088514517,0
2024-11-19 23:30:00,22.240371292995892,38.121294074994864,1012.7858781046224,0
2024-11-19 23:40:00,27.974122223398883,65.71461271583999,998.26547890358,0
2024-11-19 23:50:00,22.93805820437607,49.507689974769846,1021.0236750614743,0
2024-11-20 00:00:00,23.329724437657095,64.3070084413084,1015.4550197297888,0
2024-11-20 00:10:00,24.684675668979242,63.55033857115434,1014.6491153043426,0
2024-11-20 00:20:00,27.10832084142955,44.71200234786805,1012.6911196886472,0
2024-11-20 00:30:00,25.70795195310445,46.292710114617236,1013.8171391019307,0
2024-11-20 00:40:00,24.82973100072382,75.48402367484547,1010.0136053207688,0
2024-11-20 00:50:00,24.926577060236212,69.00740753541714,1016.0828967615364,0
2024-11-20 01:00:00,24.087029337286932,54.74785189337517,1006.4645082780044,0
2024-11-20 01:10:00,25.116279029037013,57.05898485133879,1013.9303421623528,0
2024-11-20 01:20:00,18.940879844611395,49.95322877642249,1015.8078673528555,0
2024-11-20 01:30:00,23.406785081860402,58.45882171360272,1012.0066543308855,0
2024-11-20 01:40:00,24.482643869833563,49.262544794220226,1014.8543389623551,0
2024-11-20 01:50:00,21.697971832760985,38.74116988561292,1008.0433280388288,0
2024-11-20 02:00:00,24.77264663562312,44.42755370791159,1008.1708661455202,0
2024-11-20 02:10:00,23.591057558027757,55.1687419828047,1014.183585605132,0
2024-11-20 02:20:00,27.51095139663098,45.9514621159793,1016.3927482731052,0
2024-11-20 02:30:00,27.14603945042971,54.46178028069173,1003.6256717224915,0
2024-11-20 02:40:00,23.068388861763673,46.402711684537095,1015.6101031755538,0
2024-11-20 02:50:00,23.69832457686661,48.74116861998405,1010.2839924981183,0
2024-11-20 03:00:00,23.852104868783215,61.82532245130553,1012.0359695634629,0
2024-11-20 03:10:00,23.096681047680754,56.979844381120834,1006.3024103821748,0
2024-11-20 03:20:00,24.390049968056253,54.922684629493226,1008.7419137990664,0
2024-11-20 03:30:00,22.48343586222482,62.03171178456521,1017.8306266276516,1
2024-11-20 03:40:00,21.738769330124946,58.84486874677878,1017.8306266276516,0
2024-11-20 03:50:00,25.245422447800536,66.57250633001094,1017.8306266276516,0
2024-11-20 04:00:00,25.25905916844362,51.32112590147888,1017.8306266276516,1
2024-11-20 04:10:00,22.391368480680015,54.56292017177993,1017.8306266276516,1
2024-11-20 04:20:00,36.359101472323395,50.59112586886924,1017.8306266276516,1
2024-11-20 04:30:00,22.73684454166934,60.568154261020645,1017.8306266276516,0
2024-11-20 04:40:00,24.506330476075963,74.71815915441957,1017.8306266276516,0
2024-11-20 04:50:00,25.64068802522491,80.39989897809707,1017.8306266276516,0
2024-11-20 05:00:00,23.932774870592574,80.68244134469334,1017.8306266276516,0
2024-11-20 05:10:00,24.90948182428227,61.64646506760451,1013.2730589145503,0
2024-11-20 05:20:00,22.967140712224857,87.66516170128588,1016.2866054755976,0
2024-11-20 05:30:00,23.607066833143804,67.29185101382343,1014.5713371090059,0
2024-11-20 05:40:00,23.58828113823932,92.18493859297878,1018.3040003590297,0
2024-11-20 05:50:00,22.50684330691952,52.057723787431556,1017.4978068836915,0
2024-11-20 06:00:00,23.646451673768436,60.620266511470845,1007.9087304929113,0
2024-11-20 06:10:00,20.902763402272505,44.34041321684347,1007.5701841462915,0
2024-11-20 06:20:00,23.01769250571579,64.36934106164918,1009.4937522779796,0
2024-11-20 06:30:00,23.43024901326066,43.28020203116089,1017.8806934503347,0
2024-11-20 06:40:00,23.48764049500924,49.65236071317458,1005.1184550161438,1
2024-11-20 06:50:00,23.51700510825844,50.01524297784772,1014.9737869455399,0
2024-11-20 07:00:00,23.876471600279743,46.96572117742001,1014.8127154554649,0
2024-11-20 07:10:00,24.95888303617213,64.75622054070774,1018.8132402934309,0
2024-11-20 07:20:00,25.749034148265046,81.44871294269569,1013.9016934533195,0
2024-11-20 07:30:00,22.700469546303466,91.33524177856007,1006.2839530470804,0
2024-11-20 07:40:00,21.59359828922171,73.77724629668998,1008.2032251967594,0
2024-11-20 07:50:00,21.915911175513795,84.93345020054018,1007.0900223905109,1
2024-11-20 08:00:00,23.025594157610147,83.8567571034283,1010.3102801683343,0
2024-11-20 08:10:00,23.29615736436698,91.99106555814569,1012.0854921628803,0
2024-11-20 08:20:00,22.460007867605086,91.26281079098209,1007.1727923688948,0
2024-11-20 08:30:00,21.407766671500212,68.56061540338081,1020.3533099532615,0
2024-11-20 08:40:00,23.087758345051622,74.29982963685143,1006.3735931402377,0
2024-11-20 08:50:00,24.362853240227942,68.37232216898934,1019.7305171193124,0
2024-11-20 09:00:00,25.19005893167113,75.3800456008561,1018.9258151571967,0
2024-11-20 09:10:00,22.885153893783357,78.53255904802009,1017.4915127484452,0
2024-11-20 09:20:00,23.17400435571313,88.61122653864419,1009.5311669625163,0
2024-11-20 09:30:00,22.14660338230538,76.47174262697855,1014.7122543958845,0
2024-11-20 09:40:00,23.937121659250447,54.58766233113879,1006.6131443322469,0
2024-11-20 09:50:00,22.303142731618372,70.29604375242158,1017.5545351751688,1
2024-11-20 10:00:00,25.1462556264824,67.3124812206875,1012.6300760923186,0
2024-11-20 10:10:00,20.428267016131777,71.79343239110965,1010.9533989270666,0
2024-11-20 10:20:00,23.280740655095077,64.19545472142428,1006.8812757667187,0
2024-11-20 10:30:00,24.602214678383483,69.5679805094882,1000.6124694068549,0
2024-11-20 10:40:00,24.367669032645008,78.0178893336234,1007.8072957148212,0
2024-11-20 10:50:00,29.386067327960994,85.48204423624745,1018.5639909780646,0
2024-11-20 11:00:00,24.699600049135814,60.387176696936905,1010.985832857626,0
2024-11-20 11:10:00,21.99189080631598,68.47646954360124,1012.1533557144247,0
2024-11-20 11:20:00,23.809071505821855,92.47555281122118,1016.2777717914423,0
2024-11-20 11:30:00,20.447507333067097,82.78488515384957,1022.0283443905813,0
2024-11-20 11:40:00,23.838800501406478,49.62623368593538,1019.6250232747282,0
2024-11-20 11:50:00,22.333887885998482,44.96671210403517,1008.138324980919,0
2024-11-20 12:00:00,25.830780551120323,50.559866387647126,1003.287147142813,0
2024-11-20 12:10:00,22.90091945080893,43.7810457326094,1024.7980712955004,0
2024-11-20 12:20:00,23.766468168409506,71.72875418185981,1024.3449580582974,0
2024-11-20 12:30:00,22.728884317191195,54.82051158415541,1013.9422679821464,0
2024-11-20 12:40:00,27.47770270370666,54.53639566589826,1006.6475587720909,0
2024-11-20 12:50:00,23.357514467764176,59.704613401342655,1017.8161326694697,0
2024-11-20 13:00:00,27.665114086958404,62.69876135413256,1012.460081569937,0
2024-11-20 13:10:00,25.628303524236532,62.567105252437116,1012.435094384467,0
2024-11-20 13:20:00,24.964133454670772,63.588975551260575,1017.4722942155256,0
2024-11-20 13:30:00,24.73746629463504,49.95323559367315,1014.6718737343665,0
2024-11-20 13:40:00,24.787594596432502,52.61706556034511,1007.0709254449253,0
2024-11-20 13:50:00,20.14465484130878,61.152253243538205,1011.3762903245902,1
2024-11-20 14:00:00,23.442233211698486,50.78088750688304,1011.3762903245902,0
2024-11-20 14:10:00,25.690315942368642,54.9591469437822,1011.3762903245902,0
2024-11-20 14:20:00,23.90220563305179,58.19011011539851,1011.3762903245902,0
2024-11-20 14:30:00,21.18962030639285,61.28148065848301,1011.3762903245902,0
2024-11-20 14:40:00,23.89519109884506,40.77855230103839,1011.3762903245902,0
2024-11-20 14:50:00,27.408211032510984,60.71796519911156,1013.8933488760954,0
2024-11-20 15:00:00,26.49378343106944,53.130207537186195,996.122104499112,0
2024-11-20 15:10:00,23.875991981267937,60.65966168691505,1010.751749030786,0
2024-11-20 15:20:00,25.902898554116174,61.21545353883863,1016.8195145428782,0
2024-11-20 15:30:00,23.266985959263895,67.86332048895326,1011.0480276644142,0
2024-11-20 15:40:00,20.592256826346564,65.82762918096962,1010.6688630414144,0
2024-11-20 15:50:00,22.15106802374089,65.77257330088237,1007.7927352411259,0
2024-11-20 16:00:00,27.125777537016397,66.5493625533299,1018.0168294636458,0
2024-11-20 16:10:00,23.45201383634139,57.33103187852757,1015.7423163677029,0
2024-11-20 16:20:00,23.513232041249964,55.25748069629472,1017.1270729891154,0
2024-11-20 16:30:00,23.40032360745024,61.98253666542668,1004.3689301902106,0
2024-11-20 16:40:00,27.808273179146013,60.85664761146418,1012.1977497836718,0
2024-11-20 16:50:00,27.251917830724125,52.527470106093915,1011.59944496125,0
2024-11-20 17:00:00,28.43756046689627,58.23858727046614,1011.5971414670072,0
2024-11-20 17:10:00,23.681909579199896,54.719228265723245,1009.9198622814102,0
2024-11-20 17:20:00,24.59124897749419,48.16853673231955,1011.2694786410999,0
2024-11-20 17:30:00,20.96671490115842,65.3236859310108,1017.2482239135333,0
2024-11-20 17:40:00,38.19998561687322,55.441593940240715,1003.4357432332608,1
2024-11-20 17:50:00,21.66444089746413,71.3896660615908,1021.8864738401522,0
2024-11-20 18:00:00,24.43355112752526,41.99606183840134,1015.4192056251323,0
2024-11-20 18:10:00,21.80539494473431,50.54576981725307,1012.788340521699,0
2024-11-20 18:20:00,22.822266346522607,55.26111069352697,1017.5341707318646,0
2024-11-20 18:30:00,22.3254751379006,64.09904878103131,1005.7408262741578,0
2024-11-20 18:40:00,22.784249478648363,58.19575498081748,1009.6764954742449,0
2024-11-20 18:50:00,22.921754593702044,57.48378203344601,1012.3946228380472,0
2024-11-20 19:00:00,22.903462410149846,45.981889659566825,1019.8278018521609,0
2024-11-20 19:10:00,25.666667823560616,45.74446882216423,1012.7675170943672,0
2024-11-20 19:20:00,21.79027441387496,57.58003728231924,1015.2502733559257,0
2024-11-20 19:30:00,24.441082854027734,44.08715204945313,1010.0521050203193,0
2024-11-20 19:40:00,26.435918304611118,50.74497799768537,1015.4342103448374,0
2024-11-20 19:50:00,22.973607270973208,59.00733863268686,1021.3861979648723,0
2024-11-20 20:00:00,22.564162218504798,47.141405821785796,1017.9776334583705,0
2024-11-20 20:10:00,23.538950749639497,67.84284769889445,1012.5927200611106,0
2024-11-20 20:20:00,26.35945041672142,64.79149075390312,1016.3774542363274,0
2024-11-20 20:30:00,24.388215261906716,42.428640013293595,1015.8875847730361,0
2024-11-20 20:40:00,22.937571410784802,47.5410300545441,1015.5329383584864,0
2024-11-20 20:50:00,24.967753302376078,36.7137820440404,1018.5597668043021,0
2024-11-20 21:00:00,21.795415700327155,48.73926909961494,1018.5223885191873,0
2024-11-20 21:10:00,25.362719020885898,61.131107812579195,1012.3642070156255,0
2024-11-20 21:20:00,24.817214615403536,51.68884046180114,1016.2093953073888,1
2024-11-20 21:30:00,23.384383057722232,61.68637794892774,1011.084525394201,0
2024-11-20 21:40:00,22.32282840310554,48.82132545374605,1008.3846380184222,0
2024-11-20 21:50:00,22.226638155433086,70.38380203665524,1011.6525312214801,0
2024-11-20 22:00:00,25.06963467269182,62.5591261765732,1012.6186092413021,0
2024-11-20 22:10:00,26.457961004978124,70.09735745826325,1004.69209505411,1
2024-11-20 22:20:00,22.72538450594241,75.25700398885559,1017.3016627970836,0
2024-11-20 22:30:00,24.91677340710297,71.82761183286172,999.163372886988,0
2024-11-20 22:40:00,19.825945962795863,78.77532534608174,1026.5740846974315,0
2024-11-20 22:50:00,22.8307645386856,101.74235575202741,1020.5093956689816,0
2024-11-20 23:00:00,23.937882134258196,103.19193726001356,1011.6949563791384,0
2024-11-20 23:10:00,22.180633166036333,81.40039233242742,1013.0471318028189,0
2024-11-20 23:20:00,22.126987250420807,78.59726588402015,1014.5148593679364,0
2024-11-20 23:30:00,22.664440887062227,80.14392507847373,1010.0541980600553,1
2024-11-20 23:40:00,24.584385456652747,71.19191505066587,1013.9630957379347,0
2024-11-20 23:50:00,23.62534196318725,88.83706642591065,1012.2800001114917,0
2024-11-21 00:00:00,19.523537533350055,63.78092543677005,1012.5286364138452,0
2024-11-21 00:10:00,19.758599694729867,82.6248575861806,1013.9073053174031,0
2024-11-21 00:20:00,22.78626964428565,75.49565305678942,1006.43236100823,0
2024-11-21 00:30:00,24.915373172107103,85.28848945367622,1013.1978486206682,0
2024-11-21 00:40:00,18.50499031454953,80.78030164715783,1013.8172387330874,0
2024-11-21 00:50:00,23.00053964769674,73.30957418440417,1013.6442481067796,0
2024-11-21 01:00:00,22.947504286965156,82.9369937291988,1011.9208462228193,0
2024-11-21 01:10:00,26.776675556416897,86.88978917011386,1018.6892888798469,0
2024-11-21 01:20:00,23.229956376574272,47.486755441834546,1011.2317372255923,0
2024-11-21 01:30:00,24.765977969481856,51.92490098725663,1014.136629534116,0
2024-11-21 01:40:00,24.282514280174926,53.35386405058262,1019.4864876696278,0
2024-11-21 01:50:00,19.7388670403856,67.84495866052094,1012.6031192998985,0
2024-11-21 02:00:00,25.536414433263474,38.35407579687217,1014.0723163373377,0
2024-11-21 02:10:00,43.52578344031974,64.64654736572834,1012.5180768184255,1
2024-11-21 02:20:00,25.01653727934918,47.50563812032494,1019.186848967818,0
2024-11-21 02:30:00,31.852475412872653,44.023366501843086,1011.7113771920685,0
2024-11-21 02:40:00,19.831774121002823,64.43953704030771,1019.416772886441,0
2024-11-21 02:50:00,27.449393299522217,60.85518455387505,1012.4820605267647,0
2024-11-21 03:00:00,23.42510496119929,65.03614961904952,1008.7027013827599,0
2024-11-21 03:10:00,24.57465780880602,61.40561558036461,1016.3968658528706,0
2024-11-21 03:20:00,23.908975509397514,71.47876001389922,1011.4766608312217,0
2024-11-21 03:30:00,23.151527333203912,59.469790695555886,1016.1025044954959,0
2024-11-21 03:40:00,22.860334143522483,53.748180991014735,999.3529780753813,0
2024-11-21 03:50:00,24.65901747114602,57.74341101857074,1013.0260263094748,0
2024-11-21 04:00:00,20.96565260665664,64.94775302676771,1010.7019735062127,0
2024-11-21 04:10:00,25.50115833504353,48.76499739791906,1007.6837065673436,0
2024-11-21 04:20:00,23.167611190229493,49.78489133974895,1010.233794990801,0
2024-11-21 04:30:00,21.739861321919285,52.52831988321674,1010.1314842785367,0
2024-11-21 04:40:00,23.099974284008372,38.163337609877345,1012.760071025747,0
2024-11-21 04:50:00,26.514298433725145,56.104627267340376,1006.1633676935752,0
2024-11-21 05:00:00,22.929329825967553,39.91097036839179,1014.5813689012986,0
2024-11-21 05:10:00,24.71690723641924,55.42447450346095,1019.8310739260289,0
2024-11-21 05:20:00,22.538087448569055,61.922318049082,1014.4046424847392,0
2024-11-21 05:30:00,25.515843699847238,51.18498831484931,1017.044943046145,0
2024-11-21 05:40:00,25.371015477580407,68.41692696149497,1018.4728122730689,0
2024-11-21 05:50:00,27.697217666592824,43.3159928046521,1019.1824475609209,0
2024-11-21 06:00:00,23.64887210900157,64.53008545305465,1022.3506934641065,0
2024-11-21 06:10:00,25.337309609515813,60.40109645125537,1010.5039900086203,0
2024-11-21 06:20:00,24.19613507907789,41.27173401351449,1009.4075800741945,0
2024-11-21 06:30:00,26.591743563726027,76.68635439232426,1016.9173282416236,0
2024-11-21 06:40:00,22.56233522478254,54.49003771596827,1016.541331098287,0
2024-11-21 06:50:00,25.49001062575456,47.980127822754945,1016.8783764980784,0
2024-11-21 07:00:00,23.610605407766638,43.74330244172786,1022.4464122712512,0
2024-11-21 07:10:00,23.871623645783004,53.23985577872261,1013.0568495439925,0
2024-11-21 07:20:00,24.183504968896745,53.98074502088032,1015.1307827982309,0
2024-11-21 07:30:00,24.504480792853354,55.821164228317315,1008.0980587425827,0
2024-11-21 07:40:00,23.767541913756084,52.61763075020832,1023.6766056198798,0
2024-11-21 07:50:00,24.42942636634105,60.06580248092075,1011.3172753939544,0
2024-11-21 08:00:00,27.15623611512437,51.89896133869403,1011.4589203591959,0
2024-11-21 08:10:00,25.970899371230438,39.520287062076235,1011.2662505449588,0
2024-11-21 08:20:00,25.738309184993792,53.80510803480287,1009.7755207067784,0
2024-11-21 08:30:00,23.088920947952257,36.060178773013774,1009.3528147557618,0
2024-11-21 08:40:00,22.22151834354335,57.83016504713112,1010.3814785855524,0
2024-11-21 08:50:00,25.910601116475505,47.16559815773892,1006.1710203597453,0
2024-11-21 09:00:00,25.752093585059587,56.306882839326406,1009.0734103986838,0
2024-11-21 09:10:00,26.945341351501963,65.51259985219683,1022.7448155572381,0
2024-11-21 09:20:00,22.79203874806154,47.410010437856,1016.6782757182068,0
2024-11-21 09:30:00,23.540902689279307,63.49005006809694,1017.6295208836386,0
2024-11-21 09:40:00,20.72103167494913,51.532883466510775,1018.8860439370845,0
2024-11-21 09:50:00,23.215057787878255,69.02555841652469,1022.170672821812,0
2024-11-21 10:00:00,25.993141021158895,52.078779094414294,1004.1428872427808,0
2024-11-21 10:10:00,23.067009241543605,48.27605611594647,1006.8505844235673,0
2024-11-21 10:20:00,25.280959590401647,60.497907603162304,1008.9813816955266,0
2024-11-21 10:30:00,23.618993788004378,51.51368216301091,1010.651351017552,0
2024-11-21 10:40:00,24.64811405644312,48.26840388696793,1011.4971530470738,0
2024-11-21 10:50:00,21.704617220368664,51.17728119436967,1010.7651122359698,0
2024-11-21 11:00:00,24.1704188992678,54.64314774253599,1014.0965445656602,0
2024-11-21 11:10:00,18.017728058198553,65.73744104995883,1013.176476953726,0
2024-11-21 11:20:00,23.62620768367603,39.52729803632339,1009.3858260241087,0
2024-11-21 11:30:00,20.73905351256972,55.184645271603365,1002.1222561150621,0
2024-11-21 11:40:00,26.411989033093633,59.999228757232345,1008.0356564731065,0
2024-11-21 11:50:00,25.554814705529022,56.54758859993437,1010.2538067334372,0
2024-11-21 12:00:00,24.93334196393216,65.47892135546827,1011.7646028159614,0
2024-11-21 12:10:00,27.04201245431876,54.4052373619318,1007.3516627034473,0
2024-11-21 12:20:00,22.102166958350324,53.523588462512436,1010.5459676675179,0
2024-11-21 12:30:00,27.494726395831115,59.73863637610675,1007.345063057572,0
2024-11-21 12:40:00,25.86438312852077,55.794510519610796,1012.3709032422584,0
2024-11-21 12:50:00,23.526889425562107,51.87673009375623,1007.6345433581869,0
2024-11-21 13:00:00,26.27124029436589,59.129152316691034,1008.7554767181476,0
2024-11-21 13:10:00,21.787412975176732,49.77977365426684,1006.4565793450543,0
2024-11-21 13:20:00,40.37945590664194,50.11058278384538,1012.2324965221511,1
2024-11-21 13:30:00,22.7828205535206,50.77604782587509,1008.667761150238,0
2024-11-21 13:40:00,22.94204458387197,65.82455328133126,1017.5339213333772,0
2024-11-21 13:50:00,21.886884714479493,29.231869152114292,1015.0292513334645,1
2024-11-21 14:00:00,26.44616613419065,58.164790678103536,1015.0292513334645,0
2024-11-21 14:10:00,23.482291199260338,55.27417451360178,1015.0292513334645,0
2024-11-21 14:20:00,24.705009936713758,41.55303632609504,1015.0292513334645,0
2024-11-21 14:30:00,22.85929726717264,57.47781423308802,1015.0292513334645,0
2024-11-21 14:40:00,20.358793398902964,58.80601593465226,1015.0292513334645,0
2024-11-21 14:50:00,24.540114716782846,59.7171138508592,1021.0185092773346,0
2024-11-21 15:00:00,20.175490049160445,33.78537549564041,1015.298186590374,0
2024-11-21 15:10:00,23.862731907829062,65.93111529483551,1017.5680360878401,0
2024-11-21 15:20:00,21.26336992233438,49.09810636252127,1013.6678270776799,0
2024-11-21 15:30:00,27.974551998461617,60.49254197402541,1016.3783222662848,0
2024-11-21 15:40:00,25.822725444349445,60.92859024545829,1009.0160938366541,0
2024-11-21 15:50:00,24.21150758254296,47.986423315045656,1010.708008183936,0
2024-11-21 16:00:00,26.52741335530934,60.2836796188124,1014.7468177674119,0
2024-11-21 16:10:00,22.30736804506853,51.91605407270114,1014.7104974077869,0
2024-11-21 16:20:00,25.086958757340184,38.428982565294746,1015.5380591147162,0
2024-11-21 16:30:00,24.399620867437427,64.34193540422223,1018.5019644613936,0
2024-11-21 16:40:00,24.52804016266734,48.799640295870084,1005.8751441409229,0
2024-11-21 16:50:00,26.544707000213535,48.16405229809557,1008.1277372619485,0
2024-11-21 17:00:00,25.464984205559606,51.77547305570622,1014.1478632053712,0
2024-11-21 17:10:00,24.577447325650045,57.1778938026191,1009.3781818409827,0
2024-11-21 17:20:00,20.690225127543407,54.54183671342318,1029.8888412064468,0
2024-11-21 17:30:00,22.079907409441073,59.384535397657366,1015.5785980958507,1
2024-11-21 17:40:00,23.75458213280855,47.28408506777073,1012.6083457553492,0
2024-11-21 17:50:00,24.186744748553302,55.06090903655412,1010.4226536345807,0
2024-11-21 18:00:00,21.73959255065215,63.07202342142773,1010.5991885840348,0
2024-11-21 18:10:00,28.823353351156843,82.18309834126964,1013.1507033065759,0
2024-11-21 18:20:00,27.032788110507145,69.08949969268994,1013.5599096631063,0
2024-11-21 18:30:00,25.204236640784966,81.68177810929305,1010.7165042765324,0
2024-11-21 18:40:00,24.14407372256749,76.30844135027453,1011.6342387674005,0
2024-11-21 18:50:00,23.575582060197696,75.13073090049946,1019.7214228761729,0
2024-11-21 19:00:00,22.096163079955527,80.02620460708448,1019.9225248132552,0
2024-11-21 19:10:00,24.154961037037726,83.65264230376894,1014.2601698996743,0
2024-11-21 19:20:00,24.5155050802855,59.829165911685905,1006.2937013638164,0
2024-11-21 19:30:00,21.51647884903675,65.99689014061244,1015.6925157831952,0
2024-11-21 19:40:00,24.668352834489795,57.87744678149057,1020.7714122080552,0
2024-11-21 19:50:00,23.6894819023505,64.49662142993404,1019.8489055098119,0
2024-11-21 20:00:00,20.18438488424522,47.28168209896251,1016.6721292640483,0
2024-11-21 20:10:00,22.279229978440995,51.682955929487754,1020.112114776429,0
2024-11-21 20:20:00,23.17278893315671,49.20557972633867,1013.2669213623951,1
2024-11-21 20:30:00,27.77537531468038,57.515556726998824,1013.2669213623951,0
2024-11-21 20:40:00,25.113106249067517,52.12833291856469,1013.2669213623951,0
2024-11-21 20:50:00,21.32903686180022,60.838183496273565,1013.2669213623951,0
2024-11-21 21:00:00,24.972072578835274,47.55198630694047,1013.2669213623951,0
2024-11-21 21:10:00,20.90539202212327,55.34424778657025,1013.2669213623951,0
2024-11-21 21:20:00,26.165382107774146,60.494863288098045,1008.6927828526785,0
2024-11-21 21:30:00,23.05775069636424,38.47757779967512,1013.4874446951185,0
2024-11-21 21:40:00,23.81272762252166,71.97305045864162,1011.86668898138,0
2024-11-21 21:50:00,26.651593295084382,52.734784920961,1016.2457386053521,0
2024-11-21 22:00:00,21.4256728628315,38.79968069059062,1010.7337023702648,0
2024-11-21 22:10:00,21.20576362977402,56.26475118861429,1021.5921980780136,0
2024-11-21 22:20:00,22.832801347307992,55.26754774378521,1006.5516195101948,1
2024-11-21 22:30:00,26.076757702038634,57.34484496342006,1019.2686739310986,0
2024-11-21 22:40:00,20.961307849046314,68.92952890341333,1009.1757538584595,0
2024-11-21 22:50:00,18.33568880377886,69.97955977141645,1004.0200863270799,0
2024-11-21 23:00:00,23.097682283182003,69.38300952819077,1014.1893757817444,0
2024-11-21 23:10:00,25.10348159982184,73.60124507157317,1011.7269600699306,0
2024-11-21 23:20:00,26.400523499477657,72.16513240449531,1007.4519531604849,0
2024-11-21 23:30:00,23.0736772758292,90.20392679392039,1004.5931155414237,0
2024-11-21 23:40:00,23.177146785767995,67.16643185313787,1012.9581960636427,0
2024-11-21 23:50:00,26.307801468511496,83.11721339372717,1017.8791844581191,0
2024-11-22 00:00:00,20.260516600609158,85.52019704951024,1015.9247674654322,1
2024-11-22 00:10:00,23.222958449633982,64.50624324851674,1013.2835332441963,0
2024-11-22 00:20:00,24.380847779850114,54.24916898060081,1015.3942378660887,0
2024-11-22 00:30:00,24.898437442570067,50.05061918082771,1012.8639293381107,0
2024-11-22 00:40:00,22.980386613618236,68.25458412878555,1005.8513787848482,0
2024-11-22 00:50:00,24.068882023411682,72.24984393774884,1005.8955300738828,0
2024-11-22 01:00:00,19.02334529317402,84.9167952755812,1011.9841573550766,1
2024-11-22 01:10:00,22.683503175332305,68.83710362939931,1012.1967335681696,0
2024-11-22 01:20:00,24.907017425108936,94.23755013373376,1017.2549133925338,0
2024-11-22 01:30:00,22.035411931490643,109.93931491221697,1016.7865211188737,0
2024-11-22 01:40:00,24.117968443179194,93.97788089982018,1016.0256650787948,0
2024-11-22 01:50:00,24.893745001605396,59.67246224405421,1011.598586434614,1
2024-11-22 02:00:00,23.31490159828447,69.74420506901303,1011.598586434614,0
2024-11-22 02:10:00,24.340927541993143,76.11203973897105,1011.598586434614,0
2024-11-22 02:20:00,22.074534869430774,83.51030300005532,1011.598586434614,0
2024-11-22 02:30:00,23.586777440607907,77.26884216129562,1011.598586434614,0
2024-11-22 02:40:00,25.220432339178444,97.44158827317874,1011.598586434614,0
2024-11-22 02:50:00,24.313945921936867,46.083741479935505,1009.5447281130305,0
2024-11-22 03:00:00,22.82693746087213,41.0863587826176,1013.5917510056172,0
2024-11-22 03:10:00,24.448432808581586,63.85368339429854,1008.9831978361715,0
2024-11-22 03:20:00,25.429219581273237,36.8030317503504,1012.8093271558768,0
2024-11-22 03:30:00,19.900117442845044,53.36696184901827,1011.947325298235,0
2024-11-22 03:40:00,26.318148129911794,79.94144903366438,1012.2042526423114,0
2024-11-22 03:50:00,23.327490522637856,54.90365157632055,1009.4180285314962,0
2024-11-22 04:00:00,24.85097986648046,46.03385879443,1009.8050747296666,0
2024-11-22 04:10:00,26.394493847290455,54.54082028970565,1007.5986647010965,0
2024-11-22 04:20:00,21.256652605539067,54.59359369104373,1014.9003372028692,0
2024-11-22 04:30:00,22.581117995144908,56.28519952282493,1015.8555131429569,0
2024-11-22 04:40:00,23.42290260824859,60.298103857276956,1009.1469102493733,0
2024-11-22 04:50:00,22.432492957751144,46.687110653058085,1020.6032004800852,0
2024-11-22 05:00:00,27.469873151673617,68.50038444189435,1011.4269927627897,1
2024-11-22 05:10:00,22.286455812346414,59.960914274980944,1020.6509281189828,0
2024-11-22 05:20:00,22.88890644102627,66.81435237121443,1009.7893641308419,0
2024-11-22 05:30:00,24.408778063205954,58.97480480195486,1002.8671111170029,0
2024-11-22 05:40:00,21.595700947847824,77.29105709596426,1015.0109891245618,0
2024-11-22 05:50:00,23.208638576487473,67.94358072949548,1014.2427255255949,0
2024-11-22 06:00:00,24.63490652250035,75.22042010794826,1013.1719689765379,0
2024-11-22 06:10:00,23.334279191234977,68.53515138250313,1009.78883760778,0
2024-11-22 06:20:00,23.8132262822001,71.02454698878299,1012.8271388725709,0
2024-11-22 06:30:00,22.94133577510326,87.50564245162306,1010.4437027106524,0
2024-11-22 06:40:00,20.971059381638465,81.45114535834091,1011.4882521683412,0
2024-11-22 06:50:00,24.643186422678475,48.16941529996498,1017.2081612788254,0
2024-11-22 07:00:00,27.509866143294484,49.85453326378376,1013.9210861476505,0
2024-11-22 07:10:00,24.036803261566877,60.59162457373937,1016.0497569366598,0
2024-11-22 07:20:00,24.4505282344951,49.96769711037111,1011.8406574668711,0
2024-11-22 07:30:00,25.38544551023372,54.058760547182686,1011.2899132709762,0
2024-11-22 07:40:00,21.461339006906602,55.12022200229678,1007.2325873455568,0
2024-11-22 07:50:00,27.40502931625921,39.66120891191761,1011.149816937159,0
2024-11-22 08:00:00,24.404657592845606,43.23098875701186,996.3944272220543,0
2024-11-22 08:10:00,27.263713798178216,57.6902231139805,1010.0488901684719,0
2024-11-22 08:20:00,22.53393400895202,49.103765110778426,1012.5906291140458,0
2024-11-22 08:30:00,27.636123845115648,63.453799290243346,1015.8183682713508,0
2024-11-22 08:40:00,25.550310988069565,62.734456834004355,1011.6566106123752,0
2024-11-22 08:50:00,25.10608017170472,60.7533493308435,1014.738367711225,0
2024-11-22 09:00:00,24.468048908706297,69.55817429850077,1002.1010566930488,0
2024-11-22 09:10:00,23.502942763851102,54.335285378054536,1012.7158157389653,0
2024-11-22 09:20:00,26.401063316947745,60.191055407230714,1004.602486035433,0
2024-11-22 09:30:00,24.280719739696092,50.32479218723175,1006.9584824217034,0
2024-11-22 09:40:00,20.065860592825697,74.61895930294979,1012.0641722606807,0
2024-11-22 09:50:00,21.765627076585996,70.86906921948815,1019.3813199393678,0
2024-11-22 10:00:00,23.628308495614505,55.09504347614234,1014.8560338173503,0
2024-11-22 10:10:00,24.61999796633111,58.09268983924154,1013.0911549856855,0
2024-11-22 10:20:00,23.886823022200208,65.87438079491845,1012.9023480526645,0
2024-11-22 10:30:00,26.437941579587328,53.82288396148714,1009.4318555339777,0
2024-11-22 10:40:00,20.09779627192275,49.74700743360236,1010.2800829331366,0
2024-11-22 10:50:00,24.28717587301032,61.99191800805506,1015.136880227354,0
2024-11-22 11:00:00,20.36404154922569,55.62751396866936,1006.0731974077776,0
2024-11-22 11:10:00,25.519424590968338,56.463955597162084,1015.9652702514151,0
2024-11-22 11:20:00,23.811082571115996,48.32582925545628,1011.0574646644058,0
2024-11-22 11:30:00,24.839219944048235,41.25862281309283,1017.1277853743478,0
2024-11-22 11:40:00,22.272234078820468,56.88913927903281,1017.8054672861604,0
2024-11-22 11:50:00,26.5589298633155,62.239696331953596,1004.6345799374712,0
2024-11-22 12:00:00,26.083449328117702,53.19354600739167,1010.0920961838639,0
2024-11-22 12:10:00,25.167088606023775,66.49143615647094,1008.7223615602969,0
2024-11-22 12:20:00,23.740965506273117,49.36866939667564,1003.9363601746343,0
2024-11-22 12:30:00,25.159714570590264,46.56236436027264,1007.8373336189529,0
2024-11-22 12:40:00,22.5862148640253,54.46215754243095,1025.2062792263266,0
2024-11-22 12:50:00,25.711111318041425,54.33925939718968,1016.0475494810622,0
2024-11-22 13:00:00,27.29896178864784,61.15974985068178,1022.5864398430288,0
2024-11-22 13:10:00,26.141221119958374,48.800297407488124,1017.1454922000917,0
2024-11-22 13:20:00,22.540795060385182,65.94475389451918,1009.2907841949576,0
2024-11-22 13:30:00,24.722834634546206,70.73533570006603,1011.0911440166298,0
2024-11-22 13:40:00,21.413716912482705,54.68684778425327,1015.9421809012015,0
2024-11-22 13:50:00,25.14478062235135,64.99768336147454,1015.1875310173651,0
2024-11-22 14:00:00,24.901206825725076,46.548023434997916,1010.1132899214583,0
2024-11-22 14:10:00,20.26036732093567,63.60177232945533,1005.450034147104,0
2024-11-22 14:20:00,21.676432312175272,63.3782112684757,1029.4388059369437,0
2024-11-22 14:30:00,23.433722206512467,61.90749824151903,1012.294251638286,0
2024-11-22 14:40:00,23.398280505718347,54.87549528903765,1011.3713055340869,0
2024-11-22 14:50:00,21.581046129162388,31.36600847006375,1013.5666723195266,0
2024-11-22 15:00:00,24.777957458704368,49.86618285078296,1011.7863570534448,0
2024-11-22 15:10:00,24.502947217881022,49.99267185852318,1013.6136445385274,0
2024-11-22 15:20:00,23.611461736042962,47.173960495516184,1019.4347364305821,0
2024-11-22 15:30:00,22.488416999683274,55.97794403637653,1012.3772576015679,0
2024-11-22 15:40:00,26.097414252833126,51.64829243583012,1007.1864478033611,0
2024-11-22 15:50:00,27.31081422617659,48.403103921879826,1012.1917810276069,0
2024-11-22 16:00:00,23.032877032306924,46.52959881401744,1010.6779910929505,0
2024-11-22 16:10:00,22.77566616569036,49.27589611611817,1020.1194946862342,0
2024-11-22 16:20:00,24.982415330823994,63.97199369479942,1018.8555953236879,0
2024-11-22 16:30:00,23.283941240506028,49.71179956298005,1013.537625002154,0
2024-11-22 16:40:00,23.72120559867353,50.88049034853382,1006.6063207259037,0
2024-11-22 16:50:00,25.47930630344934,51.34641907981403,1006.8705386828003,0
2024-11-22 17:00:00,20.181287824985414,57.711948110475355,1013.0756163079228,0
2024-11-22 17:10:00,26.63660464970534,58.64999590822826,1014.6816148466064,0
2024-11-22 17:20:00,24.145361048658682,30.642747686054705,1011.1268859033697,0
2024-11-22 17:30:00,23.177013710875638,63.17308171062086,1010.5991520789638,0
2024-11-22 17:40:00,23.8215316915571,66.49094427395003,1010.0360038341067,0
2024-11-22 17:50:00,23.924858710041036,46.59850770110664,1012.8830301987803,0
2024-11-22 18:00:00,20.53759739311015,47.221614042121324,1001.0861882396347,0
2024-11-22 18:10:00,26.989876454906472,51.397972897773826,1007.4933668561514,0
2024-11-22 18:20:00,24.082651264541237,48.95196784434716,1009.8647457727633,0
2024-11-22 18:30:00,24.88600426089475,56.79141499157285,1019.0375159747596,0
2024-11-22 18:40:00,25.903099541148087,39.42779770912909,1008.9309317903553,0
2024-11-22 18:50:00,21.957675084879398,46.05657913570608,1013.9023407091561,0
2024-11-22 19:00:00,24.946943798070457,67.31357760139926,1014.132713754655,0
2024-11-22 19:10:00,23.464717818202413,47.574240261215856,1019.4895825283038,0
2024-11-22 19:20:00,25.693541550432986,64.9474262248234,1019.3128870348207,0
2024-11-22 19:30:00,19.74554515929701,57.84270556472109,1012.7124851560254,0
2024-11-22 19:40:00,23.80181139951746,40.525858283293935,1010.6225762940528,0
2024-11-22 19:50:00,22.794358688432077,60.08263356172965,1009.6808344858715,0
2024-11-22 20:00:00,24.864525901268312,54.05866158245718,1011.7946838876711,0
2024-11-22 20:10:00,35.73500585826328,51.356263550002076,1010.829833228382,1
2024-11-22 20:20:00,22.584748210355947,56.95965674537603,1015.7681370467911,0
2024-11-22 20:30:00,22.57565227164791,58.797067884534336,1015.1015490874261,0
2024-11-22 20:40:00,23.77866926288534,60.66073457579696,1015.959005955725,0
2024-11-22 20:50:00,22.206715545369583,64.42602278038402,1019.2964185571808,0
2024-11-22 21:00:00,25.683967390904254,58.26508730222685,1022.3143456070009,0
2024-11-22 21:10:00,23.261585599105107,43.9949272897091,1013.6233169670378,0
2024-11-22 21:20:00,18.186023561356716,51.21083633879047,1018.4973188569783,0
2024-11-22 21:30:00,23.250355886756388,78.54438668214897,1011.2416990808289,0
2024-11-22 21:40:00,21.922912358312054,60.79592848305382,1018.9250349179151,0
2024-11-22 21:50:00,20.73744836907811,73.95429840649197,1018.3075457858793,0
2024-11-22 22:00:00,21.525146723554855,66.16347265759349,1018.0420798497149,0
2024-11-22 22:10:00,24.21881694366594,56.93441657244599,1013.4703492059576,0
2024-11-22 22:20:00,26.657281656496462,57.41125655824894,1009.6582091800456,0
2024-11-22 22:30:00,24.62636894772996,54.707359680985235,1006.0273578106726,0
2024-11-22 22:40:00,22.78699322356852,41.097563073228,1012.7998139623945,0
2024-11-22 22:50:00,24.911808390341406,55.144378019745794,1020.6650627112459,0
2024-11-22 23:00:00,23.081819379562017,64.68539642033758,1011.4507754931797,0
2024-11-22 23:10:00,22.610799261673712,50.20288004143037,1016.9256329273003,0
2024-11-22 23:20:00,21.69127466353403,58.29562399249448,1017.2197570025946,0
2024-11-22 23:30:00,20.49634238649656,61.81272836714558,1011.5815688953642,0
2024-11-22 23:40:00,23.22015258688111,47.7225564855002,1019.5817241875976,0
2024-11-22 23:50:00,24.316106979840264,51.389577085250686,998.4566962775975,0
2024-11-23 00:00:00,23.806752659970222,46.85670807618273,1006.8862486063091,0
2024-11-23 00:10:00,23.168066144105282,48.42267514648474,1008.4218385182077,0
2024-11-23 00:20:00,22.10850787860644,44.69915773077551,1008.901424885663,0
2024-11-23 00:30:00,25.216492383369935,47.79641230897579,1014.6813147559295,0
2024-11-23 00:40:00,21.36573616010683,66.35564544638271,1014.4501890152695,0
2024-11-23 00:50:00,25.55205582768695,47.676183767277664,1014.9699528608751,0
2024-11-23 01:00:00,21.99556596214655,56.01167375248552,1015.9804074706624,0
2024-11-23 01:10:00,22.49512952529393,50.97704997063235,1008.2494771542717,0
2024-11-23 01:20:00,21.066429618768645,64.43092749629551,1006.9091196659634,0
2024-11-23 01:30:00,22.997195706228727,65.48929837282893,1014.9815984100393,0
2024-11-23 01:40:00,25.95062491695596,61.912559857111575,1009.8488396317678,0
2024-11-23 01:50:00,25.03125617688791,57.449076424822046,1005.1476247731601,0
2024-11-23 02:00:00,25.95684422405607,53.15152370527281,1017.8567214227074,0
2024-11-23 02:10:00,25.04428509186787,45.46500236647,1019.9755095325115,0
2024-11-23 02:20:00,21.79266034293926,70.54823104897758,1020.7858044484933,0
2024-11-23 02:30:00,23.338421551344886,48.92261585797957,1013.9350386073736,0
2024-11-23 02:40:00,22.439601741765074,60.30917077626273,1016.1296604798645,0
2024-11-23 02:50:00,26.66114980807808,63.476524580987174,1019.8493411168096,0
2024-11-23 03:00:00,21.606422707147377,50.55775602475737,1009.7929210498828,0
2024-11-23 03:10:00,25.78739537877822,63.304100218527694,1018.5533884202705,1
2024-11-23 03:20:00,25.78590774021754,64.11370562671084,1014.376981170716,0
2024-11-23 03:30:00,27.659240403432175,74.82371068305412,1017.568558261713,0
2024-11-23 03:40:00,23.180626814741004,60.24522826858631,1013.9304651043797,0
2024-11-23 03:50:00,25.424644319160326,56.71308786176228,1019.4812835487401,0
2024-11-23 04:00:00,28.563303673077684,65.95608195644391,1014.1176188127076,0
2024-11-23 04:10:00,22.764716646132605,74.67082834027465,1005.5801047026629,0
2024-11-23 04:20:00,20.92991950493528,76.46570181668045,1020.2596331615736,0
2024-11-23 04:30:00,20.239979932184472,75.8524968298036,1008.2623462951394,0
2024-11-23 04:40:00,25.425424057722662,66.72642032818206,1019.2652910512196,0
2024-11-23 04:50:00,20.23369958388283,88.76386396903285,1012.5487855927984,0
2024-11-23 05:00:00,23.255361894124153,70.7787558326576,1018.8800549259886,0
2024-11-23 05:10:00,24.87462637407792,58.71400990498403,1018.6738430743338,0
2024-11-23 05:20:00,24.37035107365983,59.873084152428106,1015.1507148715768,0
2024-11-23 05:30:00,24.850889728368344,59.57956244924081,1015.5426765881357,0
2024-11-23 05:40:00,24.44457971160171,58.1763733590592,1015.1131430859629,0
2024-11-23 05:50:00,26.557731626626786,62.45332773494476,1002.9308762185946,0
2024-11-23 06:00:00,22.095367238522407,58.16298944948532,1013.591651094491,0
2024-11-23 06:10:00,22.646009723082937,52.49858264277379,1007.4196791196405,0
2024-11-23 06:20:00,22.454681109458352,48.63208871992997,1013.8559357187283,0
2024-11-23 06:30:00,25.66038362372522,53.0082107577546,1007.285287268084,0
2024-11-23 06:40:00,25.800797176790127,57.513035971605326,1007.0752402938696,0
2024-11-23 06:50:00,24.902450638637017,52.471336311016216,1021.0246725087695,0
2024-11-23 07:00:00,26.366987333779857,57.514709465051446,1018.347236940621,0
2024-11-23 07:10:00,21.643918265247237,58.51320106960334,1012.9792870752792,0
2024-11-23 07:20:00,27.334448223102275,61.66543545016145,1013.9238432512451,0
2024-11-23 07:30:00,27.046477243424516,65.26235975071184,1011.760419871285,0
2024-11-23 07:40:00,25.471243994491495,55.62405934783086,1015.8493818798976,0
2024-11-23 07:50:00,27.56359781754212,44.537787478818714,1009.619728167256,0
2024-11-23 08:00:00,20.686753584644453,52.23916722544648,1017.9687013143398,0
2024-11-23 08:10:00,22.951103727474695,55.352500539252794,1011.7345657949295,0
2024-11-23 08:20:00,22.529393078636094,40.313849950583275,1010.9007650208439,0
2024-11-23 08:30:00,25.442958647514686,66.10931616081986,1013.1085650924242,0
2024-11-23 08:40:00,21.89971852079571,56.13902330008373,1010.044265850372,0
2024-11-23 08:50:00,25.51499029867497,58.05082267664228,1014.6434117474824,1
2024-11-23 09:00:00,26.741072287993426,65.92421170021012,1014.6434117474824,0
2024-11-23 09:10:00,25.390405800167997,49.95885735886122,1014.6434117474824,0
2024-11-23 09:20:00,24.567502047323003,59.592335447072244,1014.6434117474824,0
2024-11-23 09:30:00,22.0242533181985,54.121087015184514,1014.6434117474824,0
2024-11-23 09:40:00,22.30629806774927,53.527305063872646,1014.6434117474824,0
2024-11-23 09:50:00,26.499237810593332,48.822460897564966,1015.3066535651772,0
2024-11-23 10:00:00,25.558698007810666,68.32482570949222,1010.820713225093,0
2024-11-23 10:10:00,23.921960961244913,51.99599967939543,1015.3216028041334,0
2024-11-23 10:20:00,23.164180908468218,60.595713975165616,1015.7769943032587,0
2024-11-23 10:30:00,19.948384253777245,39.99994090022451,1018.4163088814715,0
2024-11-23 10:40:00,21.858295162631123,64.4399082375183,1009.9700497695754,0
2024-11-23 10:50:00,27.822838174279447,63.41768924765647,1008.2861237988476,0
2024-11-23 11:00:00,21.439088857995067,55.77947288237842,1011.4621130521813,0
2024-11-23 11:10:00,24.37895964244216,53.18446027089661,1008.1612383022645,0
2024-11-23 11:20:00,26.014887946390395,58.200000044908535,1015.8224910202375,0
2024-11-23 11:30:00,21.490154663995416,73.31032528704232,1007.191243499118,0
2024-11-23 11:40:00,24.369420949562166,40.89410640877212,1024.6650820912635,0
2024-11-23 11:50:00,25.87583107502131,61.25621910059302,1019.4796393078688,0
2024-11-23 12:00:00,24.024998643814502,47.70706158276878,1013.0628788480016,0
2024-11-23 12:10:00,29.736806111333536,54.84065282960215,1017.3369724649899,0
2024-11-23 12:20:00,20.66280148224361,53.0169590473707,1004.815990678446,0
2024-11-23 12:30:00,26.11745705976776,51.573453937617955,1025.616866656998,0
2024-11-23 12:40:00,23.654396525207073,54.916278967578165,1010.0489269389975,0
2024-11-23 12:50:00,25.54384030967335,45.92663083777768,1012.3975129305032,0
2024-11-23 13:00:00,24.88261430339849,63.233443489023735,1003.7203335640578,0
2024-11-23 13:10:00,22.533687605780006,40.6468519104112,1015.4314365237045,0
2024-11-23 13:20:00,24.45799278491868,59.31811610262674,1007.4682792146144,0
2024-11-23 13:30:00,20.284197097203425,52.387713179723434,1013.5082788078302,0
2024-11-23 13:40:00,25.206495001142788,45.63260084954037,1010.2786278353773,0
2024-11-23 13:50:00,24.59631693198105,56.61906696478956,1007.6112803253483,0
2024-11-23 14:00:00,25.277320337286206,42.544391306348174,1008.9781924911869,0
2024-11-23 14:10:00,26.1162366501743,55.317710573757076,1014.1289401704277,0
2024-11-23 14:20:00,24.735239680419422,43.616984737507565,1006.5925451356559,0
2024-11-23 14:30:00,24.296178839596553,58.69017667454265,1009.2559416448821,0
2024-11-23 14:40:00,22.237863326677417,47.605141330957,1016.3163669063224,0
2024-11-23 14:50:00,22.5755584727019,51.39204786376553,1026.0123993743716,0
2024-11-23 15:00:00,26.373469240354662,57.3515951035453,1015.3879440977651,0
2024-11-23 15:10:00,26.872670811411957,48.819663105262116,1008.4136917891136,0
2024-11-23 15:20:00,23.523779127375892,54.53628800265358,1011.1644291496384,0
2024-11-23 15:30:00,24.092005494506548,42.88935599004117,1013.1579450307629,0
2024-11-23 15:40:00,22.190771250012467,60.047004828769246,1011.2528752468214,0
2024-11-23 15:50:00,26.34551369053489,69.11931044440617,1017.5152908336846,0
2024-11-23 16:00:00,25.330833647383557,77.33767094327969,1014.0873674150711,0
2024-11-23 16:10:00,27.882434872927497,55.72934517333152,1017.5392619245494,0
2024-11-23 16:20:00,22.243353845640524,61.305633126377494,1011.4277810485119,0
2024-11-23 16:30:00,23.243984201963567,40.754994616740085,1019.6275010986063,0
2024-11-23 16:40:00,24.462891845051146,67.02187461044471,1012.1675720785922,0
2024-11-23 16:50:00,25.29297907545154,61.209828037792846,1008.14405065431,0
2024-11-23 17:00:00,23.568664724904735,51.12853244039014,1023.8866019052111,0
2024-11-23 17:10:00,38.867470902978425,64.89744640231207,1003.8751112651944,1
2024-11-23 17:20:00,25.762815057847142,52.96419138683727,1009.3063063734753,0
2024-11-23 17:30:00,25.442270725091163,51.33579853588355,1009.864860740848,0
2024-11-23 17:40:00,22.16745179887255,58.80267940341993,1025.5415313652827,0
2024-11-23 17:50:00,26.710885602210993,46.49316400135745,1022.0342944207325,0
2024-11-23 18:00:00,26.34039741839321,63.17299811519958,1020.4696407182109,0
2024-11-23 18:10:00,24.268592994495584,46.55208150458525,1011.3467066881184,0
2024-11-23 18:20:00,24.159195724752074,46.599561681414514,1025.130890019209,0
2024-11-23 18:30:00,25.108115542231815,47.722481692733325,1014.8417600192049,0
2024-11-23 18:40:00,22.276593859487484,61.076000300128975,1017.8863168515156,0
2024-11-23 18:50:00,24.060062958328164,50.065797107842336,1013.8984769055311,0
2024-11-23 19:00:00,19.69523291078164,44.21603372506265,1012.7526671433837,0
2024-11-23 19:10:00,25.752911291005873,50.15456000051361,1011.7411066303681,0
2024-11-23 19:20:00,20.87701355511628,54.743661034556105,1011.9518000329042,0
2024-11-23 19:30:00,41.01338967458832,45.552220130684915,1016.0424582433903,1
2024-11-23 19:40:00,23.3397598120671,45.786551127725254,1014.835998993877,0
2024-11-23 19:50:00,23.576666036137645,71.89037067279668,1012.8426431489816,0
2024-11-23 20:00:00,22.744532187830988,48.11547676948891,1020.5476199634943,0
2024-11-23 20:10:00,23.423922252155847,52.415661049815945,998.1662346562963,0
2024-11-23 20:20:00,26.837062690296072,52.06210399360571,1015.5494362396059,1
2024-11-23 20:30:00,19.02438268692984,51.629145537836465,1015.5494362396059,0
2024-11-23 20:40:00,39.82175923186856,59.970773919752816,1015.5494362396059,1
2024-11-23 20:50:00,24.676046962203415,62.585143603776395,1015.5494362396059,0
2024-11-23 21:00:00,37.43589648953066,52.55236454774726,1015.5494362396059,1
2024-11-23 21:10:00,21.849375213901524,45.10817370726121,1015.5494362396059,0
2024-11-23 21:20:00,27.352786054416406,65.19552182279122,1020.4558320214009,0
2024-11-23 21:30:00,22.108986240114536,54.23727127042654,1011.4973200741061,0
2024-11-23 21:40:00,21.69329897880808,68.84257451885735,1014.3348789156378,0
2024-11-23 21:50:00,26.274629084729458,37.0353128194787,1021.3928698217438,0
2024-11-23 22:00:00,24.67710575257183,56.56322577026656,1002.3798646206058,0
2024-11-23 22:10:00,22.124148846927202,70.34885067100966,1009.5499370009271,0
2024-11-23 22:20:00,24.433249950809238,52.17388691649474,1020.3291798930148,0
2024-11-23 22:30:00,21.948494632719445,53.19605261332291,1018.4626891680415,0
2024-11-23 22:40:00,26.20164279684521,57.36409353272271,1015.6122260546334,0
2024-11-23 22:50:00,26.12274192974627,50.52963344892034,1010.7570156344544,0
2024-11-23 23:00:00,25.064012397643886,52.503424543578134,1008.5909075050729,0
2024-11-23 23:10:00,24.723322122494032,52.297479246468775,1010.0439219037881,0
2024-11-23 23:20:00,27.522376249734748,49.98063412458902,1020.7400411040935,0
2024-11-23 23:30:00,23.99937265477645,64.83085240160447,1009.8577865542233,0
2024-11-23 23:40:00,21.636251749158397,58.68862425837148,1013.5071148211983,0
2024-11-23 23:50:00,24.898947825664614,57.005025856826414,1009.2314617756913,0
2024-11-24 00:00:00,28.17209409907423,61.46856805512093,1017.2138701504952,0
2024-11-24 00:10:00,21.970481013628294,52.88515333437226,1010.3063685982678,0
2024-11-24 00:20:00,37.057382135355134,48.8063694531768,1012.5120305492279,1
2024-11-24 00:30:00,24.832892076202906,50.17900556308354,1004.5830893347859,0
2024-11-24 00:40:00,23.89219030198852,55.01426432883687,1004.9331588189752,0
2024-11-24 00:50:00,22.03539283924537,46.526306333016784,1013.0383659666076,0
2024-11-24 01:00:00,26.24371571246094,50.9979118673066,1006.3742142240112,0
2024-11-24 01:10:00,28.640081444034518,50.871066865028524,1023.5254331966726,0
2024-11-24 01:20:00,24.392262918047816,71.99644983863212,1002.6923844394388,0
2024-11-24 01:30:00,22.191863420527998,32.80948048052866,1008.9991235066794,0
2024-11-24 01:40:00,20.90207894989305,53.56304222875493,1013.0835043363378,0
2024-11-24 01:50:00,24.51595196244236,68.80555034251816,1011.1743353110211,0
2024-11-24 02:00:00,26.207754686632516,55.97475571305963,1007.4792727166804,0
2024-11-24 02:10:00,24.950335492990764,61.027339787368746,1008.2103608025236,0
2024-11-24 02:20:00,23.995192318162292,55.79861052079814,1008.0467296125038,0
2024-11-24 02:30:00,22.821456696421386,49.66133295026816,1011.5663915258997,0
2024-11-24 02:40:00,21.81567273456382,37.06467252392869,1022.7596454475871,1
2024-11-24 02:50:00,25.669502652649765,59.643645496290425,1013.389686482791,0
2024-11-24 03:00:00,25.82754324277117,54.79514716318087,1018.9145024469376,0
2024-11-24 03:10:00,20.908540426618533,57.59731675067757,1015.5348817291407,0
2024-11-24 03:20:00,27.179677956361367,63.0081019521671,1018.5693119899111,0
2024-11-24 03:30:00,25.148142441788004,83.95889125298795,999.000178487032,0
2024-11-24 03:40:00,26.799189290291586,92.23870033803178,1011.4777098942589,0
2024-11-24 03:50:00,21.31574450302977,77.7376635002272,1019.5356771157535,0
2024-11-24 04:00:00,21.268351689169123,75.28186220870617,1010.1413208862533,0
2024-11-24 04:10:00,23.702061380465405,72.58218866039032,1021.812365824348,0
2024-11-24 04:20:00,25.00556885379039,88.74832129236856,1020.4194507688388,0
2024-11-24 04:30:00,27.592721645853928,69.26324480052115,1010.6543464193627,0
2024-11-24 04:40:00,25.412157827630264,53.02127690379874,1010.4841824047683,0
2024-11-24 04:50:00,23.514637446375932,35.96803167397421,1007.9319707882277,0
2024-11-24 05:00:00,21.947261584668215,60.36039737452419,1009.852028840681,0
2024-11-24 05:10:00,26.4600011454383,62.883197691600394,1006.8370546791555,0
2024-11-24 05:20:00,22.07058914849857,42.31323487691322,1015.1440559021651,0
2024-11-24 05:30:00,27.256937109544644,56.41187346930362,1005.7197675332678,0
2024-11-24 05:40:00,23.43123070078698,58.60980812908879,1016.0186650809511,0
2024-11-24 05:50:00,27.1811641452357,54.415141583928495,1016.1403934845013,0
2024-11-24 06:00:00,25.357862580118557,48.67383264731717,1004.6939779740804,0
2024-11-24 06:10:00,23.726009021115082,63.12749778850845,1020.7490930316417,0
2024-11-24 06:20:00,22.96120725634775,51.77296203225054,1015.5680464720762,0
2024-11-24 06:30:00,23.31818424530784,43.11851069840054,1016.7484901072244,0
2024-11-24 06:40:00,24.856633384750474,38.604204114642556,1009.2066739922861,0
2024-11-24 06:50:00,24.154312992435433,65.08679615999448,1016.1118955923656,0
2024-11-24 07:00:00,22.81237718386259,59.933311811768945,1018.6319672486103,0
2024-11-24 07:10:00,23.668737179364737,55.703788377033355,1012.5069580049766,1
2024-11-24 07:20:00,24.157154059438298,54.47780290519357,1023.0096122962418,0
2024-11-24 07:30:00,19.742531811170377,56.76801268637499,1013.2203231745647,0
2024-11-24 07:40:00,24.916336229577396,55.39410681246711,1018.7039290022624,0
2024-11-24 07:50:00,22.040557550566387,63.54835484352092,1014.4650440362933,0
2024-11-24 08:00:00,21.69333519358851,53.03930227903861,1015.9276076642843,0
2024-11-24 08:10:00,20.62531130577858,67.11149077225188,1004.6433386618262,0
2024-11-24 08:20:00,20.41221500426422,73.51249986919126,1014.8552686910768,0
2024-11-24 08:30:00,21.28910499377542,83.87904037752335,1009.3251244937137,0
2024-11-24 08:40:00,22.581958084739018,81.68058829301309,1008.7680084711116,0
2024-11-24 08:50:00,27.906518275053138,91.35938491100447,1021.7205159223299,0
2024-11-24 09:00:00,22.94824064820959,65.79308084090744,1011.9311487596882,0
2024-11-24 09:10:00,24.355500212536064,63.465360750592815,1007.9834908451226,0
2024-11-24 09:20:00,39.60627620459674,58.76407877902845,1011.2043418594557,1
2024-11-24 09:30:00,24.2621303724317,55.094901433446275,1006.4977488553905,0
2024-11-24 09:40:00,23.845113078548014,47.15369593269153,1020.1694223409813,0
2024-11-24 09:50:00,21.60941247280151,60.91955241103453,1009.5215962791674,0
2024-11-24 10:00:00,26.901855096558425,68.43797905777224,1015.6464996697183,0
2024-11-24 10:10:00,27.61439328727577,57.736848317203346,1019.7805335710516,0
2024-11-24 10:20:00,20.634682611754627,70.33807318740898,1010.4992365939263,0
2024-11-24 10:30:00,21.95194281822724,42.79542633551133,1015.6601121613639,0
2024-11-24 10:40:00,23.440379315245988,45.76669292176367,1007.8495697254779,0
2024-11-24 10:50:00,22.070924410179618,61.8416120619861,1025.2288478455685,0
2024-11-24 11:00:00,25.01193110691173,57.11432168122601,1017.6819006730831,0
2024-11-24 11:10:00,36.851256533754935,65.51025741257446,1012.036967806196,1
2024-11-24 11:20:00,28.330112135613206,54.87622687418608,1009.1358313455552,0
2024-11-24 11:30:00,26.381097188687193,48.056196619773345,1012.4300172358019,0
2024-11-24 11:40:00,24.42514806126443,53.29125406235966,1011.3000813882425,0
2024-11-24 11:50:00,26.053972526639463,42.73852823261013,1022.7647227699975,0
2024-11-24 12:00:00,26.211800848714617,45.97127461522372,1006.8723263889254,0
2024-11-24 12:10:00,22.872105023883513,62.77955198334408,1013.674007116451,0
2024-11-24 12:20:00,22.36756551091607,61.982299315756876,1012.9083096668314,0
2024-11-24 12:30:00,24.156286125939296,57.90403427844861,1012.4129484982757,0
2024-11-24 12:40:00,25.723272248995887,41.23137983231624,1012.4569167253082,0
2024-11-24 12:50:00,24.278120797306837,52.13277139589689,1012.4196459493976,0
2024-11-24 13:00:00,20.846007035618005,45.20000089071959,1017.3653303316605,0
2024-11-24 13:10:00,22.394351112098317,64.41226603030212,1016.0449222324622,0
2024-11-24 13:20:00,23.852054272811245,50.33022293149919,1015.0945580568639,0
2024-11-24 13:30:00,23.848668791348338,46.3140183137476,997.8300531892737,0
2024-11-24 13:40:00,27.945084353579617,55.238369320971394,1014.4989743708159,0
2024-11-24 13:50:00,21.228024115202004,49.878764345323106,1004.7218031991496,0
2024-11-24 14:00:00,25.01117848367175,66.86995128162965,1016.2316008156791,0
2024-11-24 14:10:00,26.97822621665658,49.121512819726476,1020.3724868378525,0
2024-11-24 14:20:00,28.542899490845592,43.80617392620295,1008.3688044370573,0
2024-11-24 14:30:00,23.191205153632076,37.776691873939875,1011.6910963882865,0
2024-11-24 14:40:00,24.9828589054404,54.75370798069268,1010.003221474735,0
2024-11-24 14:50:00,25.139520714397293,50.50455908913659,1019.177158878784,0
2024-11-24 15:00:00,24.39096346310658,43.56876314790618,1013.4751394263603,0
2024-11-24 15:10:00,23.802309597521386,64.51381169004628,1021.6416469028317,0
2024-11-24 15:20:00,24.87195077900009,60.33796117943393,1015.068771014737,1
2024-11-24 15:30:00,18.935507829560628,54.774256968502165,1015.068771014737,0
2024-11-24 15:40:00,25.36413898012526,65.91460995336693,1015.068771014737,0
2024-11-24 15:50:00,24.252355807323934,60.300288267188904,1015.068771014737,0
2024-11-24 16:00:00,23.555050206443468,48.417152787852544,1015.068771014737,0
2024-11-24 16:10:00,28.093724391439117,46.68623868807387,1015.068771014737,0
2024-11-24 16:20:00,22.650131962418897,61.54385235563089,1012.6497677813602,0
2024-11-24 16:30:00,23.19384802186994,58.17093565173881,1016.6270941357889,0
2024-11-24 16:40:00,27.983106604409468,56.35798214376529,1012.0614919706298,0
2024-11-24 16:50:00,22.335877390300286,48.22801757704874,1007.8063278291867,0
2024-11-24 17:00:00,22.899769434126924,59.86358053604603,1013.0367533745984,0
2024-11-24 17:10:00,23.7059491531383,48.956008934928406,1007.5857973556583,0
2024-11-24 17:20:00,25.6814689642591,54.184106763250576,1003.3736889370625,0
2024-11-24 17:30:00,24.415605014706628,66.57555317109583,1016.6356124074275,0
2024-11-24 17:40:00,21.414749305695473,49.71332611351883,1015.8953078634734,0
2024-11-24 17:50:00,22.93566287374562,42.416085943417116,1015.3354547199679,0
2024-11-24 18:00:00,22.785291133575576,46.579622465039115,1019.514642109729,0
2024-11-24 18:10:00,23.845557909553907,62.95439061350098,1009.6748405484803,0
2024-11-24 18:20:00,24.851687317259657,57.03784909904168,1005.8444292861437,0
2024-11-24 18:30:00,24.836411511775943,53.96898097048997,1012.6498511159598,0
2024-11-24 18:40:00,20.447976491903194,50.927249557507444,1011.2624985014704,0
2024-11-24 18:50:00,26.127881975121714,58.88287926042552,1008.7885214161497,0
2024-11-24 19:00:00,24.505137691993248,48.20716119207821,1012.600754232561,0
2024-11-24 19:10:00,26.76906409518781,57.445324549140764,1009.9419742689771,0
2024-11-24 19:20:00,24.888396654581342,49.14996344949635,1003.8199735832159,0
2024-11-24 19:30:00,26.202645915471525,47.81872491779957,1010.7941165460312,0
2024-11-24 19:40:00,24.933090622900252,49.90010052139991,1007.3181241664807,0
2024-11-24 19:50:00,26.692451512405498,51.996740428128305,1014.1582403580546,0
2024-11-24 20:00:00,25.044501272035557,54.609361312530375,1009.7198262087967,0
2024-11-24 20:10:00,23.804169507114192,56.88364636088892,1018.5581573707052,0
2024-11-24 20:20:00,28.544869440893763,25.493077668572447,1021.0193303363393,0
2024-11-24 20:30:00,36.03248325588417,48.53879553802588,1016.3969068650596,1
2024-11-24 20:40:00,25.147488842008826,51.867440181151686,1005.2448690900834,0
2024-11-24 20:50:00,21.447391166923328,67.04049630886664,1020.5259799943952,0
2024-11-24 21:00:00,21.423384765072925,46.35997913294294,1020.8786022518689,0
2024-11-24 21:10:00,24.585430964283706,56.3023729447993,1013.0939525565396,0
2024-11-24 21:20:00,24.291042395536483,66.9602424778867,1019.6146308016777,0
2024-11-24 21:30:00,22.77175486998337,44.49625176042181,1010.2416243097666,0
2024-11-24 21:40:00,24.28196539922412,58.151801806915216,1003.668770325752,0
2024-11-24 21:50:00,27.17725385608719,48.581825328523834,1009.198577806892,0
2024-11-24 22:00:00,25.3908049491006,50.96293006168612,1021.6465043302238,0
2024-11-24 22:10:00,21.717982980494522,48.57511332837348,1005.5446003819426,0
2024-11-24 22:20:00,23.776982345714114,49.14514153267291,1012.9976064096575,0
2024-11-24 22:30:00,22.390067038294877,76.77529718325195,1013.170719466701,0
2024-11-24 22:40:00,23.224600167182878,61.755646976573324,1010.435128780161,0
2024-11-24 22:50:00,23.172768668740716,63.81390289428967,1010.7823920008144,0
2024-11-24 23:00:00,23.04470883479199,58.93594789469197,1013.361245671181,0
2024-11-24 23:10:00,21.48972925605321,42.149945692784335,1010.1891882903263,0
2024-11-24 23:20:00,23.744690636963618,58.159663762586455,1005.8897075141604,0
2024-11-24 23:30:00,22.87878472630538,63.58343691605877,1014.0751597147173,0
2024-11-24 23:40:00,18.141102619995465,48.17280420768711,1018.3668329122248,0
2024-11-24 23:50:00,28.105944049003327,62.72261333728901,1017.3478625932671,0
2024-11-25 00:00:00,26.177539308433346,60.63468967883263,1008.951322663051,0
2024-11-25 00:10:00,23.24739855015001,69.81632035850936,1006.7438604231116,0
2024-11-25 00:20:00,24.037638099481196,51.65773589989105,1011.5790605892261,0
2024-11-25 00:30:00,21.656691305364877,46.219112141794184,1020.8389575489783,0
2024-11-25 00:40:00,27.39144575562173,52.10697512501964,1016.2279903947978,0
2024-11-25 00:50:00,27.794577389546223,66.48456794530898,1016.5198233839711,0
2024-11-25 01:00:00,24.31338745649305,40.372752953264296,1017.4492847589274,0
2024-11-25 01:10:00,26.04706128837069,38.45299427655174,1015.1038328125929,0
2024-11-25 01:20:00,24.350573557867847,55.71516223145291,1013.6030427380679,0
2024-11-25 01:30:00,21.32654912224814,51.45928565780675,1016.3115344832398,0
2024-11-25 01:40:00,23.176353262072684,55.06182314540548,1010.2691694789099,0
2024-11-25 01:50:00,24.263855933543915,62.56249416988692,1005.9276849431684,0
2024-11-25 02:00:00,23.09090456251311,50.57944523104918,1016.6149846731216,0
2024-11-25 02:10:00,23.562693445129927,40.01595335255504,1019.1886905287462,0
2024-11-25 02:20:00,23.81720088498177,71.35585245759955,1007.4088403032198,0
2024-11-25 02:30:00,23.838243004269078,47.02217370048979,1017.1096074120795,0
2024-11-25 02:40:00,24.104516980994966,46.52770302390322,1021.403828566941,0
2024-11-25 02:50:00,21.878789867206798,63.82976010978077,1012.9887689912144,1
2024-11-25 03:00:00,22.56596770174413,51.92408703166786,1012.9887689912144,0
2024-11-25 03:10:00,21.43083146860006,54.492881183721515,1012.9887689912144,0
2024-11-25 03:20:00,25.9556310993724,58.862320992482545,1012.9887689912144,0
2024-11-25 03:30:00,19.78870611631935,63.66866482487997,1012.9887689912144,0
2024-11-25 03:40:00,26.30718068663385,52.33231445454582,1012.9887689912144,0
2024-11-25 03:50:00,26.772698794525688,67.15961604731439,1004.9813526248505,0
2024-11-25 04:00:00,23.39563882603476,37.913601210121556,1005.7803553875389,0
2024-11-25 04:10:00,18.7937258243454,61.078297895624615,1013.0964544018697,0
2024-11-25 04:20:00,23.27737887606542,48.28377953585874,1012.8884573054379,0
2024-11-25 04:30:00,23.87163167742236,65.97817053286393,1014.7177728851997,0
2024-11-25 04:40:00,21.978803560142172,56.13635583064436,1022.3761269424169,0
2024-11-25 04:50:00,22.969563212383516,49.61675734392479,1013.5225701803791,0
2024-11-25 05:00:00,27.060390397726703,60.30272874417306,1015.990860751674,0
2024-11-25 05:10:00,25.32985432460348,62.145506777658014,1008.1223353219268,1
2024-11-25 05:20:00,22.1508717712438,63.13515298286911,1016.8396883175827,0
2024-11-25 05:30:00,20.804801660809137,52.762430082935516,1010.3680456744466,0
2024-11-25 05:40:00,23.345965364780458,60.12786301102332,1013.3571041629054,0
2024-11-25 05:50:00,23.573086441299125,66.96741730302853,1012.4557568746542,0
2024-11-25 06:00:00,24.992398374726633,69.66992277879952,1018.1648711745702,0
2024-11-25 06:10:00,37.22231575347482,78.99796380350678,1006.450117228125,1
2024-11-25 06:20:00,25.022999150723724,59.88079013994714,1001.5838068269248,0
2024-11-25 06:30:00,27.87030808012046,81.67461643642802,1011.9328365145603,0
2024-11-25 06:40:00,25.631002044888525,79.68014916450687,1015.3426562845257,0
2024-11-25 06:50:00,23.903822985338454,78.29199506892837,1013.7613468790375,0
2024-11-25 07:00:00,23.63369905789341,49.060105777843205,1019.1610211870695,0
2024-11-25 07:10:00,23.286653731640257,53.283698683856294,1015.1868633708983,0
2024-11-25 07:20:00,26.36128182490429,26.191319164323858,1010.1807583407007,0
2024-11-25 07:30:00,22.745373108097393,49.3896834336676,1001.3728992293017,0
2024-11-25 07:40:00,24.090445417999966,47.99348140282965,1011.8134388290239,0
2024-11-25 07:50:00,24.10239580376217,59.262265674580995,1018.139795011289,0
2024-11-25 08:00:00,22.996431614376935,48.555786539915836,1011.0397610866644,0
2024-11-25 08:10:00,21.2550689042318,53.279089598636084,1013.1416013183888,0
2024-11-25 08:20:00,24.645949007235338,67.33821302129041,1015.1068012715335,0
2024-11-25 08:30:00,23.877992056289234,62.95481215852339,1007.9235381287509,0
2024-11-25 08:40:00,25.00048093887314,62.21817119954762,1016.1161794831941,0
2024-11-25 08:50:00,22.932799387121666,51.001020556713186,1021.1856089500085,0
2024-11-25 09:00:00,26.441642597626096,59.344258234317216,1012.135933240533,0
2024-11-25 09:10:00,22.24645243757631,53.12881759637125,1007.3546778908385,0
2024-11-25 09:20:00,27.424080568035784,53.4312543145845,1012.6669948648902,0
2024-11-25 09:30:00,20.504726980343477,58.2774827499724,1001.8780794569557,0
2024-11-25 09:40:00,24.869540129113783,50.22405129263254,1014.6845163198831,0
2024-11-25 09:50:00,24.950861365053246,66.94402483554563,1015.2613718882429,0
2024-11-25 10:00:00,22.408885864118236,53.7189588832165,1021.3781814692278,0
2024-11-25 10:10:00,24.848787875722024,59.94688453007732,1012.0300260371669,0
2024-11-25 10:20:00,26.559037339520316,66.64480383405838,1015.0424266907323,0
2024-11-25 10:30:00,19.56636232129187,63.2532301966014,1008.6935594880705,0
2024-11-25 10:40:00,25.00548961498163,43.7286471784758,1011.2178643973746,0
2024-11-25 10:50:00,19.013458359339843,58.55916716007907,1005.374072816689,0
2024-11-25 11:00:00,22.068670392953585,61.805755155685176,1012.0260518935838,0
2024-11-25 11:10:00,27.25833272980189,62.13490417728599,1011.4734542324072,0
2024-11-25 11:20:00,22.836435933215892,46.09364132708295,1014.4959988304445,0
2024-11-25 11:30:00,21.652240071182057,49.74371810386141,1009.8820155983368,0
2024-11-25 11:40:00,23.604124542030636,62.95646588593297,1013.4167267548754,0
2024-11-25 11:50:00,28.135812676327106,48.90591703453883,1011.3330997219616,0
2024-11-25 12:00:00,20.33663550558795,52.60243154668549,1011.3425030585024,0
2024-11-25 12:10:00,21.89738017672131,67.60700647601575,1013.4018116298151,0
2024-11-25 12:20:00,26.994863366359255,54.61760599692168,1013.202614711585,0
2024-11-25 12:30:00,27.715404687075466,49.18580689732926,1016.8058701952582,0
2024-11-25 12:40:00,23.79313755141943,47.97906114509676,1012.3967848293508,0
2024-11-25 12:50:00,21.521894594946716,57.6617546366815,1011.250573254385,0
2024-11-25 13:00:00,28.19168700361832,44.33481593218233,1012.0959627745639,0
2024-11-25 13:10:00,27.188884783498395,53.02131228882865,1009.4266794157951,0
2024-11-25 13:20:00,25.357893975524465,57.66584427992017,1011.2004445321667,0
2024-11-25 13:30:00,22.37519530212516,65.39319856438134,1023.1557935653661,0
2024-11-25 13:40:00,23.901941318323928,60.34038464295997,1008.4366061965206,0
2024-11-25 13:50:00,23.67927983791034,49.28747905614257,1011.6067183306035,1
2024-11-25 14:00:00,24.661702609231156,64.42735454050975,1011.6067183306035,0
2024-11-25 14:10:00,26.90200287626267,52.60387969962018,1011.6067183306035,0
2024-11-25 14:20:00,25.758834082274806,45.11437582360473,1011.6067183306035,0
2024-11-25 14:30:00,21.84524784603048,53.62366912587622,1011.6067183306035,0
2024-11-25 14:40:00,26.752992900039075,66.50535360916561,1011.6067183306035,0
2024-11-25 14:50:00,24.626264280026312,56.3219204005194,1018.18585736266,0
2024-11-25 15:00:00,25.374131591717834,55.10017491463829,1016.162913998211,0
2024-11-25 15:10:00,26.933081718557204,68.09769315762283,1006.7856420696843,0
2024-11-25 15:20:00,21.776839500972898,43.54916122356458,1001.654613635238,0
2024-11-25 15:30:00,23.928348842587074,44.715207087577824,1008.114639269293,0
2024-11-25 15:40:00,22.93709089728157,42.07322823226534,1011.7866676928644,0
2024-11-25 15:50:00,20.86428114926909,57.98118549184044,1025.9014594934538,0
2024-11-25 16:00:00,24.69341995520984,56.331945016921,1015.7162848248714,0
2024-11-25 16:10:00,29.023113103168846,67.34189093823821,1003.9620517540927,0
2024-11-25 16:20:00,20.319844510988496,56.94780061709416,1009.5517224754952,0
2024-11-25 16:30:00,23.93543877790106,51.76674272416558,1012.7339378186351,0
2024-11-25 16:40:00,25.281085870149546,55.014358983024856,1014.2684177714905,0
2024-11-25 16:50:00,24.246156403312362,55.94165934768766,1006.4262556984479,0
2024-11-25 17:00:00,23.77374389496852,41.62590981337466,1012.3250488601147,0
2024-11-25 17:10:00,21.401567273108352,76.68265315467914,1009.4118043119473,0
2024-11-25 17:20:00,24.465573485880327,59.15896814481529,1007.4812071869884,0
2024-11-25 17:30:00,22.486472045968146,56.68006646418071,1014.2979782334947,0
2024-11-25 17:40:00,19.620156590042892,59.92131187422864,1016.8693858672141,0
2024-11-25 17:50:00,26.38918444102746,60.67528784469284,1017.2052063848081,0
2024-11-25 18:00:00,25.916771639684086,53.875572115980546,1015.8719317556694,0
2024-11-25 18:10:00,24.10332195370216,49.950070910074395,1010.5131523342986,0
2024-11-25 18:20:00,24.458149376411406,59.795605490573635,1016.5727488073176,0
2024-11-25 18:30:00,26.148636025431124,58.085686724251616,1014.5452721905215,0
2024-11-25 18:40:00,24.448679313556166,48.520879207284736,1013.6697094147601,0
2024-11-25 18:50:00,25.808035109522628,66.35228489093811,1009.941534391491,0
2024-11-25 19:00:00,23.4050355982523,57.34681629058387,1010.5156193632923,0
2024-11-25 19:10:00,26.623967477147893,60.83855489814105,1013.3694346806228,0
2024-11-25 19:20:00,24.641571451865367,66.13536710143936,1025.1993723349276,0
2024-11-25 19:30:00,24.38810388721175,55.175110569318676,1014.506212400457,0
2024-11-25 19:40:00,21.459877822575937,57.53561605587292,1009.9440574887486,0
2024-11-25 19:50:00,24.57391170860342,61.48021790804893,1008.8380527751527,0
2024-11-25 20:00:00,22.336090165011097,49.201111329599584,1010.541166936719,0
2024-11-25 20:10:00,22.72343454694301,55.432413302768005,1023.8864672377454,0
2024-11-25 20:20:00,22.36924874336776,56.00438869320919,1011.0037167702702,0
2024-11-25 20:30:00,21.86753013620155,47.35153158653284,1017.5343526730514,0
2024-11-25 20:40:00,28.249542806033922,73.54109430939103,1011.1203587726433,0
2024-11-25 20:50:00,26.662678123976807,43.74165245206078,1014.3059227063982,0
2024-11-25 21:00:00,27.840735004288522,44.615168770502734,1016.9587263700436,0
2024-11-25 21:10:00,21.554209960888873,65.51381260562863,1010.1404857509503,1
2024-11-25 21:20:00,24.142507499821786,63.70613000637234,1009.7944417292362,0
2024-11-25 21:30:00,21.412984749591807,52.792281460153774,1021.2943484722766,0
2024-11-25 21:40:00,22.60861024560587,68.85831212081354,1017.9229644744789,0
2024-11-25 21:50:00,22.163746033166852,78.74280355997848,1016.9533615934537,0
2024-11-25 22:00:00,26.47916801288312,69.75789553922411,1016.9363814656145,0
2024-11-25 22:10:00,23.20754064379648,93.79058320059666,1015.2978774415553,0
2024-11-25 22:20:00,26.136758667388033,62.207505513055715,1023.0888790658753,0
2024-11-25 22:30:00,25.208241779177037,84.55058763087283,1013.2195415093857,0
2024-11-25 22:40:00,28.607277504209577,91.33222668976802,1015.8863118360046,0
2024-11-25 22:50:00,21.04111155372055,92.13075121284197,1005.7454353570299,0
2024-11-25 23:00:00,26.518466479573597,53.365154186834815,1008.8751965670438,0
2024-11-25 23:10:00,26.292881740801455,52.6764681439108,1006.9959050008248,0
2024-11-25 23:20:00,22.05324232394593,58.553161368698056,1019.3703179175808,0
2024-11-25 23:30:00,26.01426667294632,61.52603589321656,1000.2372992398963,0
2024-11-25 23:40:00,24.672289926052457,59.8197874902589,1010.9884498862364,0
2024-11-25 23:50:00,23.545047480093185,63.320463126347114,998.0314669866968,0
2024-11-26 00:00:00,22.352129026056,46.849040343466115,1008.8435605225906,0
2024-11-26 00:10:00,22.56178109710163,53.17783216701092,1010.5452552513407,0
2024-11-26 00:20:00,28.099624191571852,47.47987254300997,1019.9243554689702,0
2024-11-26 00:30:00,24.001365637914965,51.911097791310866,1014.9831396961073,0
2024-11-26 00:40:00,25.56426000306292,63.12176713451444,1008.8342923833552,0
2024-11-26 00:50:00,22.418201236664892,55.86387136580183,1018.3298185986591,0
2024-11-26 01:00:00,22.440294107556724,75.85487330519815,1013.0891612726488,0
2024-11-26 01:10:00,26.163969618499884,56.54725093751774,1013.1878342935363,0
2024-11-26 01:20:00,21.300847576896935,55.47753504463789,1006.98664246114,0
2024-11-26 01:30:00,23.169572464189457,55.84946335552173,1008.0499314304843,0
2024-11-26 01:40:00,24.068054822144465,49.89753045712051,1008.8745135002724,0
2024-11-26 01:50:00,24.222745203680105,54.53730710097925,1013.2323063657709,0
2024-11-26 02:00:00,23.641813429967687,64.02230421689316,1013.3894286349034,0
2024-11-26 02:10:00,24.791639562191847,55.911765345022175,1020.7204633176202,0
2024-11-26 02:20:00,25.385711511635623,48.65232216093223,1014.9252758396892,0
2024-11-26 02:30:00,25.46927509091866,47.599323036170915,999.4621715316395,0
2024-11-26 02:40:00,22.028392382664347,51.398384866673254,1014.3132099393584,0
2024-11-26 02:50:00,23.431689804142405,55.59090747528704,1005.7499182191623,1
2024-11-26 03:00:00,26.389525723753877,64.5486922838101,1005.7499182191623,0
2024-11-26 03:10:00,25.789294375147744,44.276090869068504,1005.7499182191623,0
2024-11-26 03:20:00,21.25428109703787,52.44138977688995,1005.7499182191623,0
2024-11-26 03:30:00,24.702959800704402,56.154480155480634,1005.7499182191623,0
2024-11-26 03:40:00,20.04354950125038,40.33035385896452,1005.7499182191623,0
2024-11-26 03:50:00,24.09386980412074,48.33121373626875,1005.9459885745453,0
2024-11-26 04:00:00,27.795534033491954,49.56089168211051,1014.7833380362492,0
2024-11-26 04:10:00,22.104214565462026,48.63223700919601,1024.184855385308,0
2024-11-26 04:20:00,22.331353909016837,56.53511636017318,1006.3532047053296,0
2024-11-26 04:30:00,25.528059563145717,53.71552312398562,1011.5774484783038,0
2024-11-26 04:40:00,20.914396969580707,50.55771117919171,1000.3827131874376,0
2024-11-26 04:50:00,22.73448994022992,58.42370101242108,1011.4953235351493,0
2024-11-26 05:00:00,25.192882275163505,68.78459774117,1016.2135857631574,0
2024-11-26 05:10:00,22.731428304621193,68.11405213393402,1016.6031961567863,0
2024-11-26 05:20:00,23.528060025578057,39.617825823501306,1013.3868186514205,0
2024-11-26 05:30:00,25.48837142063007,59.616577470681115,1017.4463171237949,0
2024-11-26 05:40:00,24.843092167073124,53.57581367948929,1025.730272679714,0
2024-11-26 05:50:00,24.533636792590805,56.24124274292285,1021.561523437188,0
2024-11-26 06:00:00,23.321755441459924,51.81373573165961,1010.3873953529518,0
2024-11-26 06:10:00,24.74012223053791,55.94070903909762,1005.7444800676664,0
2024-11-26 06:20:00,23.752534639800487,56.21125916857615,1010.9692429171309,0
2024-11-26 06:30:00,24.91561121985157,50.368385941208615,1008.2650861719133,0
2024-11-26 06:40:00,23.006135949764044,47.829059617398556,1015.2567377393232,1
2024-11-26 06:50:00,23.63486205124092,54.410434539044125,1007.0940323028525,0
2024-11-26 07:00:00,22.020084414895972,62.874074115654125,1012.6358878370482,0
2024-11-26 07:10:00,23.929984779987528,68.79197073347412,1017.1900702726815,0
2024-11-26 07:20:00,22.37799827274231,73.82679181872118,1012.4965206359141,0
2024-11-26 07:30:00,21.771907099676014,66.04647981546469,1008.2684308862611,0
2024-11-26 07:40:00,24.517322295710777,75.27075653842189,1018.8740702879285,0
2024-11-26 07:50:00,24.42547955171532,83.7000207356264,1003.6050952762308,0
2024-11-26 08:00:00,25.565747469897143,88.32475916115303,1011.3610247206127,0
2024-11-26 08:10:00,23.1377488608498,81.52933716694781,1012.7916998830933,0
2024-11-26 08:20:00,24.81610569367351,83.2325462004831,1013.0795432919981,0
2024-11-26 08:30:00,25.101595144547325,56.52899387069114,1013.9024802803904,0
2024-11-26 08:40:00,24.88954761566319,45.80234021682075,1016.0521990990475,0
2024-11-26 08:50:00,22.348692634395714,53.45112391171593,1012.8229628047733,0
2024-11-26 09:00:00,24.29872696454238,60.95669118778504,1011.1597085892816,1
2024-11-26 09:10:00,24.72828059210932,60.13557703554961,1011.1597085892816,0
2024-11-26 09:20:00,24.014356933815883,52.83785916508889,1011.1597085892816,0
2024-11-26 09:30:00,19.82704468325783,56.741745608697336,1011.1597085892816,0
2024-11-26 09:40:00,24.32097924794696,48.4027972776745,1011.1597085892816,0
2024-11-26 09:50:00,28.425062078794483,60.6279371858002,1011.1597085892816,0
2024-11-26 10:00:00,23.279921462486033,54.37742851090822,1013.0949954112994,0
2024-11-26 10:10:00,22.543845804289358,52.79238838643089,1010.3937259657193,0
2024-11-26 10:20:00,24.746697119422798,52.106209311252904,1016.0920360787206,0
2024-11-26 10:30:00,24.624756420933142,54.49684906480113,1009.3627303763844,0
2024-11-26 10:40:00,26.385470330832828,51.41697884054433,1016.1909202036411,0
2024-11-26 10:50:00,36.91509257924005,60.26514428802051,1014.0636306059589,1
2024-11-26 11:00:00,25.462760505149983,51.83773161587055,1010.0183765545404,0
2024-11-26 11:10:00,25.180844122502926,67.74371276821905,1015.6431740766728,0
2024-11-26 11:20:00,23.71570692611891,66.72168402785104,1015.7329486284432,0
2024-11-26 11:30:00,24.67737463584338,47.86765208116396,1018.7875980290498,0
2024-11-26 11:40:00,26.058914963196713,55.55763415543424,1017.8307350620465,0
2024-11-26 11:50:00,25.7446307600569,49.79474702931044,1015.4563701036315,0
2024-11-26 12:00:00,21.71396137585254,52.38681949449111,1007.3620452439562,0
2024-11-26 12:10:00,25.64031637351097,71.01941974115837,1025.2429349408703,0
2024-11-26 12:20:00,23.870622789934963,52.53942866307361,1005.9819189446409,0
2024-11-26 12:30:00,24.145748196031033,57.88180829661943,1017.7463158714115,0
2024-11-26 12:40:00,24.14639398200339,59.330570352066225,1015.1564190844315,0
2024-11-26 12:50:00,23.69951402240348,46.994965020134075,1007.1292881375945,0
2024-11-26 13:00:00,26.383414994214128,48.15923620472636,1012.3784953056075,0
2024-11-26 13:10:00,23.832564080301577,45.351821028735046,1012.6062355687768,0
2024-11-26 13:20:00,21.760907743233663,47.912234128817786,1019.5279135790527,0
2024-11-26 13:30:00,23.212940288060544,32.19975912546254,1009.433445498599,0
2024-11-26 13:40:00,24.357389433620952,59.35665920634902,1011.6902749678783,0
2024-11-26 13:50:00,26.458429568594102,71.43355073004855,1001.3196519748936,0
2024-11-26 14:00:00,25.20618936989767,56.18256591229222,1021.6738139656179,1
2024-11-26 14:10:00,22.298929442505912,46.66984912527514,1007.6476587848996,0
2024-11-26 14:20:00,28.970379833357782,55.85778893680042,1014.6345543211959,0
2024-11-26 14:30:00,24.52955062195596,60.328985239800026,1012.4929608513906,0
2024-11-26 14:40:00,26.55078147599803,58.859321782292994,1012.5099951660833,0
2024-11-26 14:50:00,23.69657113284554,76.88146110716124,1017.0493099243544,1
2024-11-26 15:00:00,25.0667184894109,82.48208035500267,1021.3563123015182,1
2024-11-26 15:10:00,25.678937009036808,75.75638564945872,1014.2574683497099,0
2024-11-26 15:20:00,26.436389423508512,99.80064835558007,1016.2753900881527,0
2024-11-26 15:30:00,26.11473661075645,115.21450130861813,1014.6444576836352,1
2024-11-26 15:40:00,25.744394000145956,127.22046564183648,1014.6444576836352,0
2024-11-26 15:50:00,23.369826537611782,110.9216961846877,1014.6444576836352,0
2024-11-26 16:00:00,22.856507916087878,86.78405880445442,1014.6444576836352,0
2024-11-26 16:10:00,24.665215020648397,122.59376341116163,1014.6444576836352,0
2024-11-26 16:20:00,25.86625614468214,103.16634889192969,1014.6444576836352,0
2024-11-26 16:30:00,23.554558598446786,107.26027635695588,1009.6992606633177,0
2024-11-26 16:40:00,26.130343931428772,87.61657899902276,1012.158311828814,0
2024-11-26 16:50:00,26.905233490972357,50.3435093272559,1014.1973349439022,0
2024-11-26 17:00:00,22.167358161853162,58.19235312517221,1006.145789775855,0
2024-11-26 17:10:00,22.32615859240744,44.43938249810159,1020.9746010404301,0
2024-11-26 17:20:00,23.719249882189327,53.089979183492524,1012.9386173324891,0
2024-11-26 17:30:00,24.615225336378394,65.28465787489344,1014.4196394380236,0
2024-11-26 17:40:00,22.9508659724659,54.543509668550755,1010.114977801364,0
2024-11-26 17:50:00,26.704405357734288,56.13276629391906,1006.3656122031649,0
2024-11-26 18:00:00,24.848133723036902,58.80206883773849,1009.9798505726261,0
2024-11-26 18:10:00,24.07889409648148,64.36529303454128,1014.096020938168,0
2024-11-26 18:20:00,21.128180952262944,41.758202302484534,1016.3671440637685,0
2024-11-26 18:30:00,21.368368367144985,59.67619241469948,1013.8089577030136,0
2024-11-26 18:40:00,24.562018500563614,52.85488688606589,1014.7336200812098,0
2024-11-26 18:50:00,19.734808747690327,56.33310316249471,1011.3148681265931,0
2024-11-26 19:00:00,26.025274819288143,63.47960135809901,1015.4812428312272,0
2024-11-26 19:10:00,23.68369231125536,45.44650678870525,1020.4141643319296,0
2024-11-26 19:20:00,30.48618593918947,46.89884446845528,1016.5239472121949,0
2024-11-26 19:30:00,28.61583250123222,39.51656032228955,1017.0477094412647,0
2024-11-26 19:40:00,23.637101861504966,50.60672846588979,1014.4700819965332,0
2024-11-26 19:50:00,23.78732599493737,65.64345875503054,1005.484224652002,0
2024-11-26 20:00:00,25.99116302800406,54.035302492212246,1007.7766673468437,0
2024-11-26 20:10:00,27.406345219836076,44.27900083476172,1015.2743790033193,0
2024-11-26 20:20:00,20.723941885127967,51.114570043399624,1012.9453047401996,0
2024-11-26 20:30:00,20.427249069290628,43.09710637207502,1015.1992144323641,0
2024-11-26 20:40:00,22.755930388891237,45.99851118615071,1021.3821170892204,0
2024-11-26 20:50:00,25.16547516634773,58.110551282109704,1016.6301799961467,0
2024-11-26 21:00:00,24.993747181015195,45.60901338955177,1019.2944310287141,0
2024-11-26 21:10:00,26.1395429099677,63.90107444162641,1013.4734069473536,0
2024-11-26 21:20:00,21.600604943269385,54.43103767335731,1008.9639216125778,0
2024-11-26 21:30:00,19.367712274062246,55.6847576315562,1012.7106692039283,0
2024-11-26 21:40:00,25.71602839060429,52.773016259136845,1008.9762409314043,0
2024-11-26 21:50:00,22.34360745406953,61.182782708349784,1020.7914747838622,0
2024-11-26 22:00:00,19.963024271222725,61.265279102216084,1016.9519553826774,0
2024-11-26 22:10:00,24.290127491918764,57.680434815297374,1015.6025624831414,0
2024-11-26 22:20:00,25.586351376437356,59.518312847261186,1019.1797160111405,0
2024-11-26 22:30:00,23.755885735757445,53.303282640636596,1002.8997179273839,1
2024-11-26 22:40:00,23.084303227635022,62.337624055272386,1015.9406897567133,0
2024-11-26 22:50:00,23.68127553570819,58.296977796209546,1006.4467710784782,0
2024-11-26 23:00:00,23.258834475198434,64.01785297729921,1012.9637215076717,0
2024-11-26 23:10:00,21.303905776119667,64.80285000506962,1011.4414620376639,0
2024-11-26 23:20:00,22.570638646019137,66.34225168544643,1016.3086830604848,0
2024-11-26 23:30:00,25.04255981002763,67.48710561822568,1014.1409364448048,0
2024-11-26 23:40:00,24.643357082753,79.74152083087108,1019.7255858680589,0
2024-11-26 23:50:00,24.33611961193364,89.4848473025077,1009.9905141953369,0
2024-11-27 00:00:00,22.009703036293242,91.36881577335647,1016.5455719481664,1
2024-11-27 00:10:00,23.636993675728664,74.94747731243652,1016.5455719481664,0
2024-11-27 00:20:00,19.64586990711429,65.31362441125499,1016.5455719481664,0
2024-11-27 00:30:00,24.35695332777078,52.45473198705657,1016.5455719481664,0
2024-11-27 00:40:00,26.857715415627133,59.80586412116473,1016.5455719481664,0
2024-11-27 00:50:00,21.051735735915788,47.750277343622315,1016.5455719481664,0
2024-11-27 01:00:00,22.82814465336449,56.13583931099204,1015.3186152877855,0
2024-11-27 01:10:00,37.8337949536171,57.509785463175255,1007.1624958805965,1
2024-11-27 01:20:00,26.50568526885497,43.12316166464278,1012.2984188597642,0
2024-11-27 01:30:00,23.1035507673997,59.86613733075352,1023.0890322439651,0
2024-11-27 01:40:00,22.615499341468208,65.76748006270653,1013.5561166742043,0
2024-11-27 01:50:00,20.062153715167835,53.60281643454697,1011.363372124638,0
2024-11-27 02:00:00,24.206876258616212,65.8813450466241,1015.4586982037811,0
2024-11-27 02:10:00,28.084152080287488,53.48245205238074,1016.8169653979098,0
2024-11-27 02:20:00,24.55471692392935,61.79667624837294,1010.7191582625996,0
2024-11-27 02:30:00,23.955442041632573,37.25144027239121,1015.5128738718572,0
2024-11-27 02:40:00,24.64416462153397,74.35022223450771,1011.355552516646,0
2024-11-27 02:50:00,23.977815992102794,66.96366596194366,1016.5966380091472,0
2024-11-27 03:00:00,22.37397125547974,52.72299596597057,1013.8484657898564,0
2024-11-27 03:10:00,25.64655983135541,39.223287786849454,1015.4098391352644,0
2024-11-27 03:20:00,24.45152304622351,57.30422694644391,1009.2040822691624,0
2024-11-27 03:30:00,24.035226503867314,43.44859562340994,1008.8935680796357,0
2024-11-27 03:40:00,22.0492679454435,58.55882830045991,1017.727486523297,0
2024-11-27 03:50:00,26.607015863869517,58.29252575331426,1012.6030180930725,0
2024-11-27 04:00:00,25.32940549066622,47.4687746479838,1014.4251737104968,0
2024-11-27 04:10:00,22.894158325265394,63.96773618891502,1011.4680228645674,0
2024-11-27 04:20:00,26.003649707363873,61.444597622449386,1017.4936338700683,0
2024-11-27 04:30:00,23.004858323229584,62.80658669830851,1009.9609500998517,0
2024-11-27 04:40:00,22.435993014977925,55.070861629351164,1012.3219938004955,0
2024-11-27 04:50:00,22.480593765039426,43.67580746469035,1016.9299640635156,0
2024-11-27 05:00:00,20.45786289382382,62.8229781776891,1018.8648384958213,0
2024-11-27 05:10:00,24.943084760836413,52.83702880691367,1010.3812035448666,0
2024-11-27 05:20:00,20.3377102433233,43.881758854458646,1022.7984199097795,0
2024-11-27 05:30:00,21.543112337468475,65.81631492779461,1014.5662084684681,0
2024-11-27 05:40:00,19.848823981842934,71.79526016402008,1007.7853586909563,0
2024-11-27 05:50:00,23.827860614418213,54.67001496816638,1014.8452602429498,1
2024-11-27 06:00:00,23.699359079456254,72.27296923682633,1014.8452602429498,0
2024-11-27 06:10:00,23.34660757362727,55.7305178288908,1014.8452602429498,0
2024-11-27 06:20:00,21.914844610658847,51.95635276666919,1014.8452602429498,0
2024-11-27 06:30:00,21.65553249312672,49.95633236651618,1014.8452602429498,0
2024-11-27 06:40:00,24.92873972709315,68.09665926394194,1014.8452602429498,0
2024-11-27 06:50:00,22.898896136583026,48.75884894889783,1017.9503061535818,0
2024-11-27 07:00:00,24.63271664307229,60.8821544797999,1007.2193631642449,0
2024-11-27 07:10:00,22.229502627751554,50.526689319526334,1007.4561755229751,0
2024-11-27 07:20:00,24.362125485542165,51.3175458994051,1014.8368017457375,0
2024-11-27 07:30:00,26.606556074632127,63.24199755175653,1021.0142212358899,0
2024-11-27 07:40:00,25.172331600785565,51.95970522968517,1011.2370345146779,0
2024-11-27 07:50:00,23.17517236356704,51.76163696463765,1016.5048616135198,0
2024-11-27 08:00:00,24.514397940711856,64.06243757739846,1018.3667008843178,1
2024-11-27 08:10:00,23.518669650939575,67.77917834577299,1018.3667008843178,0
2024-11-27 08:20:00,24.015760369389458,60.15751842627387,1018.3667008843178,0
2024-11-27 08:30:00,23.348777895702995,49.76184179500841,1018.3667008843178,0
2024-11-27 08:40:00,23.671329588229217,50.91513200561936,1018.3667008843178,0
2024-11-27 08:50:00,24.42418670614835,55.6393221099203,1018.3667008843178,0
2024-11-27 09:00:00,22.0132826008361,57.56744049540526,1018.8904368428109,0
2024-11-27 09:10:00,21.968242346020045,47.097072718881826,1007.3791700761903,0
2024-11-27 09:20:00,21.222914892337577,60.784303516638914,1016.5010492375939,0
2024-11-27 09:30:00,20.79945779099258,55.68410663711679,1008.2492373497406,0
2024-11-27 09:40:00,21.56543461555904,41.274333450894964,1013.5303628819341,0
2024-11-27 09:50:00,24.318925013608258,47.568588140314155,1016.538958070775,0
2024-11-27 10:00:00,22.214424969016232,50.96697061078669,1009.7025228158078,0
2024-11-27 10:10:00,25.027228928462193,54.41713848927156,1013.8524234034845,0
2024-11-27 10:20:00,24.069427497505124,70.11423036403197,1010.9245433163734,0
2024-11-27 10:30:00,20.06299157312389,56.90537044911703,1016.5257432946909,1
2024-11-27 10:40:00,25.30995116844338,48.273824880811,1016.5257432946909,0
2024-11-27 10:50:00,25.62159729118342,56.765046434457304,1016.5257432946909,0
2024-11-27 11:00:00,22.012274650330294,52.18329802036895,1016.5257432946909,0
2024-11-27 11:10:00,24.840383085789984,57.59806591626833,1016.5257432946909,0
2024-11-27 11:20:00,22.287003525181603,59.644541496284916,1016.5257432946909,1
2024-11-27 11:30:00,24.19534075349667,67.6738451777915,1012.5706804960112,0
2024-11-27 11:40:00,21.47100318609007,60.80570803463979,1012.6205060746017,0
2024-11-27 11:50:00,20.413787094930846,77.11168422079867,1013.4015978631261,0
2024-11-27 12:00:00,33.922940996849476,74.26418130028952,1025.6225463830374,1
2024-11-27 12:10:00,23.752542107450328,64.34048364150249,1014.854259463555,0
2024-11-27 12:20:00,23.204640612770792,90.67884532598771,1002.8204871494761,0
2024-11-27 12:30:00,21.63193888355488,78.61595610616078,1010.2860051414152,0
2024-11-27 12:40:00,23.200201875737726,72.31900396822212,1003.338139562521,0
2024-11-27 12:50:00,24.538589505161468,95.22330440984338,1011.3510087147708,0
2024-11-27 13:00:00,23.910213939754925,101.62222068158755,1003.0634488513679,0
2024-11-27 13:10:00,24.365002061198428,54.73579789024352,1008.6420476446579,0
2024-11-27 13:20:00,22.659769599091533,50.97079791699523,1005.3963923518294,0
2024-11-27 13:30:00,26.34343582943232,53.621000340370706,1014.9208008898374,1
2024-11-27 13:40:00,21.64765332689044,60.7178538201416,1014.9208008898374,0
2024-11-27 13:50:00,24.975120594173436,65.2228532402441,1014.9208008898374,1
2024-11-27 14:00:00,26.363782185919924,59.56389864690859,1014.9208008898374,0
2024-11-27 14:10:00,24.961816185497792,55.813785667774155,1014.9208008898374,0
2024-11-27 14:20:00,23.59495154587034,66.98409416243543,1014.9208008898374,1
2024-11-27 14:30:00,22.94340590667404,52.49730821558782,1014.9208008898374,0
2024-11-27 14:40:00,26.07217530209251,63.247354706935255,1014.9208008898374,0
2024-11-27 14:50:00,21.154050149476653,52.69549761318977,1015.5676068462736,0
2024-11-27 15:00:00,22.059751479240713,58.448183664087146,1015.5676068462736,0
2024-11-27 15:10:00,23.20488446901656,54.09149948167639,1015.5676068462736,0
2024-11-27 15:20:00,26.475307515023996,54.55318253877751,1015.2651982828603,0
2024-11-27 15:30:00,24.75953527208179,51.980907860302324,1018.3655901339969,0
2024-11-27 15:40:00,22.06390848297951,65.75883224944556,1014.3043308736098,0
2024-11-27 15:50:00,23.37938458923019,49.13659169513172,1016.9994364485299,0
2024-11-27 16:00:00,22.77135371180741,49.078141979610336,1016.5383912201362,0
2024-11-27 16:10:00,22.58042201553293,71.96794852676088,1015.5326719569296,0
2024-11-27 16:20:00,25.95777911711356,62.82278051723465,1009.7076320236937,0
2024-11-27 16:30:00,21.25651374147299,35.91909041045571,1013.8696175598758,0
2024-11-27 16:40:00,27.217561711468747,50.477930086316775,1008.7581109805893,0
2024-11-27 16:50:00,25.656459380369245,40.504085299503565,1013.0871447647905,0
2024-11-27 17:00:00,26.181723341207395,47.39447445267796,1014.6543176553346,0
2024-11-27 17:10:00,23.074120975949484,29.891882670127682,1021.3939190369342,0
2024-11-27 17:20:00,23.70011856184178,53.90408337844846,1006.4513401281619,0
2024-11-27 17:30:00,21.133696370950577,45.86446544670951,1015.4075381549566,0
2024-11-27 17:40:00,22.950675185866395,55.479242054371504,1020.4061829581179,0
2024-11-27 17:50:00,24.987309695286303,41.999029928939805,1016.794238829194,0
2024-11-27 18:00:00,26.592126123562792,55.66329482537632,1017.1647272141252,0
2024-11-27 18:10:00,21.785686366395097,51.68066977503738,1015.938474509339,0
2024-11-27 18:20:00,23.26898812602947,67.01562372150876,1019.4916724488771,0
2024-11-27 18:30:00,23.697401559534956,66.290854893965,1007.5626091594381,0
2024-11-27 18:40:00,21.20842159561503,61.282764824082264,1006.0703666701488,0
2024-11-27 18:50:00,25.182698483516802,52.3870897547103,1012.9683292976737,0
2024-11-27 19:00:00,22.552019336514782,70.88304316208234,1002.1941894821415,0
2024-11-27 19:10:00,23.609219297645954,42.57571777728143,1019.1532290208901,0
2024-11-27 19:20:00,23.096101256176244,43.7715309634907,1019.1035759774772,0
2024-11-27 19:30:00,22.42132298856065,54.329735200887484,1010.8332472245773,0
2024-11-27 19:40:00,23.98591002903889,73.03230487136895,1011.1461470166975,0
2024-11-27 19:50:00,23.568780842863955,53.3812887450393,1012.6382626242466,0
2024-11-27 20:00:00,23.25628423544267,53.53403805432575,1013.2601032521981,0
2024-11-27 20:10:00,22.543076756639316,43.464717151105525,1013.6358695959714,0
2024-11-27 20:20:00,24.63904934156591,62.56743668216303,1015.7911605343916,0
2024-11-27 20:30:00,27.30723453698457,62.62541003463483,1012.1368682349577,0
2024-11-27 20:40:00,24.279774465678255,61.31260161119928,1017.715966517389,0
2024-11-27 20:50:00,25.992236429822256,49.966234617221104,1015.2297388856265,0
2024-11-27 21:00:00,21.219556149693076,49.346345853015954,1009.9651827706368,0
2024-11-27 21:10:00,24.31552287858754,44.65502199676024,1019.6755633390205,0
2024-11-27 21:20:00,21.805263362057868,55.67098001408747,1006.2087150693876,0
2024-11-27 21:30:00,21.0461501449362,46.35674136577199,1012.5391709458926,0
2024-11-27 21:40:00,22.52125718508193,45.58066795800569,1017.8345870053773,0
2024-11-27 21:50:00,26.383798668827147,51.61047426471459,1009.3846344754393,0
2024-11-27 22:00:00,25.90003165733929,51.08675059852627,1014.5477782338357,0
2024-11-27 22:10:00,24.4860094441088,50.69617176942436,1015.7166979849952,0
2024-11-27 22:20:00,20.93459888022014,58.731556774722094,1008.6973806600938,0
2024-11-27 22:30:00,23.607438697224126,55.63238241720224,1012.6376114020298,0
2024-11-27 22:40:00,24.60340001780347,52.69475175591106,1012.217480848954,0
2024-11-27 22:50:00,24.351072459157194,56.46410342649185,1010.2413107408386,0
2024-11-27 23:00:00,20.312412833038508,47.06778367116294,1024.508374260254,0
2024-11-27 23:10:00,22.219364303960255,55.84222899127742,1009.1844682327726,0
2024-11-27 23:20:00,23.871844471702566,56.20481994275707,1018.0246514703394,0
2024-11-27 23:30:00,25.07258181903438,42.975625125140155,1011.0359949155943,0
2024-11-27 23:40:00,19.607744357800108,62.965550034962895,1007.5668190555735,0
2024-11-27 23:50:00,23.675752049040284,47.94853035818404,1013.5140712157753,0
2024-11-28 00:00:00,24.286097539757904,55.72247839365148,1016.2454669219375,0
2024-11-28 00:10:00,25.699223977032425,64.31529392428216,1017.6025478753284,0
2024-11-28 00:20:00,25.385715168474874,62.40541406171096,1020.8113255532753,0
2024-11-28 00:30:00,25.16514263761761,55.27466710855068,1027.7262314496754,0
2024-11-28 00:40:00,22.40011898659613,52.10000797694345,1014.252571018778,0
2024-11-28 00:50:00,20.183995725753384,62.58009526860454,1009.6845391308731,0
2024-11-28 01:00:00,23.213894485877198,60.397559822468956,1015.2643716339744,0
2024-11-28 01:10:00,26.00326365041712,50.05307983964696,1011.6689352479675,0
2024-11-28 01:20:00,26.786909055048863,48.640850823986476,1017.6298306492612,0
2024-11-28 01:30:00,25.42109820459557,38.42115854643201,1006.5141785181714,0
2024-11-28 01:40:00,24.85868164560347,56.2322547334687,1024.8416727120023,0
2024-11-28 01:50:00,24.759279296771933,54.33841803985281,1017.2802404738776,0
2024-11-28 02:00:00,22.88776250647844,64.08953099714034,1004.5799799110192,0
2024-11-28 02:10:00,23.73987941289276,57.87244074784293,1009.4548554884251,0
2024-11-28 02:20:00,27.33813905165266,65.67383355338153,1017.0804052205697,0
2024-11-28 02:30:00,22.114883988416246,49.421086176670634,1018.8817202808573,0
2024-11-28 02:40:00,27.2295575814197,64.10520264774095,1006.6388118638401,0
2024-11-28 02:50:00,23.355943691015884,50.76866896716276,1016.5651292521648,0
2024-11-28 03:00:00,26.650864218190158,61.220768494338174,1003.2633006366904,0
2024-11-28 03:10:00,21.186369981004923,43.32993285975445,1012.5533206726448,0
2024-11-28 03:20:00,25.171808402329297,56.88108239492951,1018.560234210516,0
2024-11-28 03:30:00,22.526459728104754,39.12249646843272,1010.2424213494851,0
2024-11-28 03:40:00,21.169465616151626,52.862900112465965,1005.4653885043099,0
2024-11-28 03:50:00,24.43706808482189,58.522831951023306,1013.7310739818878,0
2024-11-28 04:00:00,26.018943577191937,50.83225159015123,1009.9764056668226,0
2024-11-28 04:10:00,22.310117122813008,46.596498969952265,1016.1477918303292,0
2024-11-28 04:20:00,21.0019680790832,61.76894775436747,1008.5733678389097,0
2024-11-28 04:30:00,23.81631047133009,54.17229768122461,1009.1368155517345,0
2024-11-28 04:40:00,23.82512934244564,51.08343482375463,1002.8949883956188,0
2024-11-28 04:50:00,25.096639255108997,55.33516736923421,1013.8497235552575,0
2024-11-28 05:00:00,25.899189142728975,76.09335313556471,1012.195475308617,0
2024-11-28 05:10:00,23.881169637455013,64.22802279825235,1007.0580766462997,0
2024-11-28 05:20:00,27.711006629588525,64.30058934550271,1013.9689935688355,0
2024-11-28 05:30:00,24.448469489070582,58.48437055193891,1018.1353515032207,0
2024-11-28 05:40:00,23.3071469879862,56.33188218061718,1011.9221602829052,0
2024-11-28 05:50:00,20.776865281794343,35.83134169335667,1014.3408347491098,0
2024-11-28 06:00:00,23.474680959367664,49.56815722829494,1014.3665562479258,0
2024-11-28 06:10:00,23.327226109177726,51.1554046943802,1006.9783508641052,0
2024-11-28 06:20:00,25.92060959256294,40.00086348761974,1023.282929103538,0
2024-11-28 06:30:00,24.924967248133708,45.74067367827653,1010.6457508493886,0
2024-11-28 06:40:00,21.641261756734764,39.153308232618926,1016.2805810093014,0
2024-11-28 06:50:00,24.344508772822074,54.69340931442102,1016.8460763861452,0
2024-11-28 07:00:00,25.343062343458108,61.55012776679053,1012.3020243644212,0
2024-11-28 07:10:00,27.056062718775664,63.85419614899463,1016.0339751252982,0
2024-11-28 07:20:00,25.775007934828118,58.31827569663393,1014.229096109082,0
2024-11-28 07:30:00,25.521693308622957,47.292829270411445,1005.911801213863,0
2024-11-28 07:40:00,24.12017198923033,39.543478731840324,1011.3386364937495,0
2024-11-28 07:50:00,24.7766240108469,40.945050404787985,1009.9372454882297,0
2024-11-28 08:00:00,26.499009801412317,44.84813938196401,1010.6912747932694,0
2024-11-28 08:10:00,21.3344452050407,47.8891224157146,1006.4799841108168,0
2024-11-28 08:20:00,43.29983572830743,53.72201201606731,1018.6321685837302,1
2024-11-28 08:30:00,22.45486250248752,46.886686254984255,1021.0099632730671,0
2024-11-28 08:40:00,24.75830623745225,57.71180714934609,1017.890014879992,0
2024-11-28 08:50:00,26.460444351301575,53.14181197760422,1019.3526461207357,0
2024-11-28 09:00:00,22.80605142655785,55.084365693928206,1011.2768258149592,0
2024-11-28 09:10:00,19.219391265061123,64.12200442136964,1009.8187158250698,0
2024-11-28 09:20:00,23.17555850995106,45.55814612639704,1009.1070647659415,0
2024-11-28 09:30:00,25.826947464034813,58.34963662633895,1016.2203246147861,0
2024-11-28 09:40:00,25.07525980589976,54.88821417219141,1014.1353152657207,0
2024-11-28 09:50:00,24.85637249562115,52.33210975224244,1012.6138914420079,0
2024-11-28 10:00:00,23.44001339625104,62.082050566927684,1019.4757427209768,0
2024-11-28 10:10:00,21.441938527560428,62.032113236456055,1015.0247067690767,0
2024-11-28 10:20:00,25.030588643248933,47.42807363209258,1008.8067118123971,0
2024-11-28 10:30:00,22.33143637993075,53.542715329136605,1009.5954558543215,0
2024-11-28 10:40:00,28.368193466760914,57.249693460672525,1016.4099664962707,0
2024-11-28 10:50:00,25.141014416709034,52.81594601581932,1018.208664263273,0
2024-11-28 11:00:00,22.838703394892097,59.68017065830239,1015.7584011612798,0
2024-11-28 11:10:00,22.777229505222742,57.24953614328221,1022.4844437393604,0
2024-11-28 11:20:00,23.814111586772825,69.6604899228481,1021.1750358286571,0
2024-11-28 11:30:00,23.5209961559565,42.7577669125617,1015.2051791742538,0
2024-11-28 11:40:00,26.23366755105991,54.02051208202082,1008.8070967025925,0
2024-11-28 11:50:00,24.37283233948809,47.73197990790247,1006.4500624413412,0
2024-11-28 12:00:00,22.536736522182945,59.83285964351235,1011.0630912749265,0
2024-11-28 12:10:00,27.780881370311565,42.06262487963564,1016.7660672320808,0
2024-11-28 12:20:00,24.098616663040445,57.77050168179909,1022.1332353965597,0
2024-11-28 12:30:00,25.537679351937793,49.95961254921327,1015.087235172054,0
2024-11-28 12:40:00,22.783546985110483,49.126705071031886,1018.8436139711562,0
2024-11-28 12:50:00,24.726231255489047,43.4280143716745,1011.7734625690609,0
2024-11-28 13:00:00,24.622219982286392,51.27939243039195,1016.1138456261377,0
2024-11-28 13:10:00,20.220701415807696,63.67600424232741,1017.1167841473858,0
2024-11-28 13:20:00,28.03055022092128,54.798490531764166,1003.1020286207373,1
2024-11-28 13:30:00,26.581288921845093,63.021443342995795,1010.9328059881175,0
2024-11-28 13:40:00,23.205609367708025,74.3171345757302,1017.7485019213893,0
2024-11-28 13:50:00,21.795460519088287,66.1100446785806,1014.3723416781828,0
2024-11-28 14:00:00,24.695123227607105,62.52960342350127,1007.0174247592454,0
2024-11-28 14:10:00,24.17339539882879,73.73801772146231,1000.8493881213632,0
2024-11-28 14:20:00,24.71133789712646,68.64563082948567,1011.17109627349,0
2024-11-28 14:30:00,24.38315479238818,71.96461853362264,1012.6420715355306,0
2024-11-28 14:40:00,25.012481978611852,66.84085760304812,1008.5803852508583,0
2024-11-28 14:50:00,26.894611398783614,89.41005992867514,1013.71542468514,0
2024-11-28 15:00:00,25.13620641025729,81.91197939480449,1015.5319337361644,0
2024-11-28 15:10:00,21.90068900218012,56.456785966526894,1016.3534358536311,0
2024-11-28 15:20:00,26.725125705424905,46.71230457114689,1001.2204053753384,0
2024-11-28 15:30:00,27.281229126976577,58.48758103772378,1006.4285745109594,0
2024-11-28 15:40:00,30.30411346902417,48.90447009491933,1011.4768867582263,0
2024-11-28 15:50:00,21.753011933520803,53.86633022638541,1015.8608656551874,0
2024-11-28 16:00:00,24.48576402630055,62.022608249913006,1015.4461700677501,0
2024-11-28 16:10:00,19.835802593622027,61.32607449786023,1015.3593497393833,0
2024-11-28 16:20:00,25.10629831275842,54.82375941986447,1011.0829102901554,0
2024-11-28 16:30:00,22.903599403666455,40.85495173834625,1011.3618328134502,0
2024-11-28 16:40:00,27.846891589649907,78.94248456048513,1009.3583536578913,0
2024-11-28 16:50:00,22.450770059962835,68.9668717621851,1016.8409706405292,0
2024-11-28 17:00:00,20.621633924065478,60.78139859910639,1008.3975560613021,0
2024-11-28 17:10:00,23.05747251859496,48.974369747272235,1017.2501819759478,1
2024-11-28 17:20:00,20.049024457565725,54.091262706384285,1017.2501819759478,0
2024-11-28 17:30:00,25.50219890901462,50.652636561787865,1017.2501819759478,1
2024-11-28 17:40:00,19.869833907487358,65.1108475127711,1017.2501819759478,0
2024-11-28 17:50:00,24.056915162366316,57.10002312681467,1017.2501819759478,0
2024-11-28 18:00:00,19.844376360287605,48.72668913312134,1017.2501819759478,0
2024-11-28 18:10:00,23.359404390926716,51.233959207001746,1012.7747776077242,0
2024-11-28 18:20:00,27.286756311609068,63.969505140559235,1012.7747776077242,0
2024-11-28 18:30:00,24.72129578287159,67.80078277456383,1012.0132242233267,0
2024-11-28 18:40:00,22.273012790070133,67.22665250788997,1017.62178684013,0
2024-11-28 18:50:00,23.93759302212183,61.056256520431816,1015.8360895271694,0
2024-11-28 19:00:00,24.036033744088893,52.979001049578905,1010.5189706212925,0
2024-11-28 19:10:00,24.945260691686812,29.067889397367036,1013.2346814920761,0
2024-11-28 19:20:00,21.266283273438347,57.377280190465775,1010.21917715289,0
2024-11-28 19:30:00,25.185134547694663,54.9853699292472,1013.7438036666784,0
2024-11-28 19:40:00,18.59121673679445,56.11985677057083,1020.7005391187201,0
2024-11-28 19:50:00,22.74023089527238,55.431178776265654,1017.8424940131243,0
2024-11-28 20:00:00,23.02345231509691,44.389902704406744,1015.6039715284637,0
2024-11-28 20:10:00,25.266653652142477,59.45926845480948,1010.5355754380814,0
2024-11-28 20:20:00,24.045261705353738,60.0577305122548,1016.7496919647242,1
2024-11-28 20:30:00,21.188873892287425,60.458710256477275,1016.7496919647242,0
2024-11-28 20:40:00,22.03001374836597,62.57261602858709,1016.7496919647242,0
2024-11-28 20:50:00,24.397360019094815,59.83241315937298,1016.7496919647242,0
2024-11-28 21:00:00,23.841865316270887,51.71976470768871,1016.7496919647242,0
2024-11-28 21:10:00,22.841751780728508,54.43330521667128,1016.7496919647242,0
2024-11-28 21:20:00,23.03833242097604,55.72899893802702,1014.4741534460485,0
2024-11-28 21:30:00,25.39233599431858,55.86159559285295,1012.0213751045806,0
2024-11-28 21:40:00,22.96461485426157,62.98574124777384,1015.6898798491325,1
2024-11-28 21:50:00,23.823817511941854,60.149350024179924,1015.6898798491325,0
2024-11-28 22:00:00,28.339873176161085,71.61874751655962,1015.6898798491325,0
2024-11-28 22:10:00,21.152634726232154,72.65175183907738,1015.6898798491325,0
2024-11-28 22:20:00,20.296314536850684,55.6371966609114,1015.6898798491325,0
2024-11-28 22:30:00,25.567179329597213,24.306755612325045,1015.6898798491325,0
2024-11-28 22:40:00,22.642713877411794,64.89465972901813,1015.2757319047475,0
2024-11-28 22:50:00,23.363524944514758,50.67698928810356,1016.8636418895969,0
2024-11-28 23:00:00,22.43768724373777,48.58812862535194,1012.6135738126685,0
2024-11-28 23:10:00,23.480399718464977,51.812437800085064,1024.87233141642,0
2024-11-28 23:20:00,27.19707622419268,51.42685562548315,1009.5853244684241,0
2024-11-28 23:30:00,25.60425691723624,59.89815848084314,1011.1945641830656,0
2024-11-28 23:40:00,25.724447023773955,42.5245137669902,1011.024665469364,0
2024-11-28 23:50:00,21.167545888414708,46.378234033667184,1012.6190619435449,0
2024-11-29 00:00:00,21.69769252689426,57.745268433579334,1011.3563759351686,0
2024-11-29 00:10:00,18.321842681029146,59.98355224330646,1005.9659472769756,0
2024-11-29 00:20:00,22.38123835783449,60.1323331594881,1010.2672585188176,0
2024-11-29 00:30:00,25.913406372771316,48.70370976853361,1012.5118965211296,0
2024-11-29 00:40:00,25.033893031496742,47.17387480587008,1019.1428604103099,0
2024-11-29 00:50:00,23.556973474095752,50.94692132969664,1024.0112163668646,0
2024-11-29 01:00:00,23.955399432563894,56.9189820182778,1019.6773694892532,0
2024-11-29 01:10:00,22.622228914849188,66.8838189541804,1009.123104851637,0
2024-11-29 01:20:00,24.409517764803567,38.620502513834,1009.5209519468692,0
2024-11-29 01:30:00,25.53175655896123,53.23416994433307,1012.2033571124532,0
2024-11-29 01:40:00,20.768226425179055,44.33857247179837,1021.9227944442679,0
2024-11-29 01:50:00,24.599295375674696,41.78205858117208,1012.1728797390905,0
2024-11-29 02:00:00,25.864869741909335,62.73565316275853,1006.3624625473128,0
2024-11-29 02:10:00,23.16979942207326,59.35699659599471,1010.4941143152348,0
2024-11-29 02:20:00,25.401401224241166,58.5954681275781,1016.785280009097,0
2024-11-29 02:30:00,29.629308888945104,62.36820671784795,1016.4497013844805,0
2024-11-29 02:40:00,23.791314414026218,51.16224882587091,1011.9989166675417,0
2024-11-29 02:50:00,24.78661410001065,51.53889986933177,1016.4170733678002,0
2024-11-29 03:00:00,22.523885832677216,72.4858449337806,1001.6341389872658,0
2024-11-29 03:10:00,24.3625023252041,53.02743156592341,1013.5191461751635,0
2024-11-29 03:20:00,24.92054324996461,60.88105690443273,1017.3034271068432,0
2024-11-29 03:30:00,37.71147717957341,55.05105232770652,1008.8356836242273,1
2024-11-29 03:40:00,21.960609360582286,40.21393175937268,1008.8183073175186,0
2024-11-29 03:50:00,24.4127235426509,38.642967969589854,1003.6677592361826,0
2024-11-29 04:00:00,26.924391877435273,50.36812624048076,1020.9494779740535,0
2024-11-29 04:10:00,24.897271529029055,63.44881001335991,1009.3992301148921,0
2024-11-29 04:20:00,25.923974378143683,61.30633325308803,1014.2052163893105,0
2024-11-29 04:30:00,23.525976059974745,62.312617313792266,1016.0195852074169,0
2024-11-29 04:40:00,25.499800478847423,47.10363056850948,1020.5603397457072,0
2024-11-29 04:50:00,24.558535676433053,67.92697992097851,1012.2305111300718,0
2024-11-29 05:00:00,22.098178540625536,47.280853598508926,1010.3028510311079,0
2024-11-29 05:10:00,24.63704200959775,56.70259518935975,1013.8653382428528,0
2024-11-29 05:20:00,22.01660667311938,54.9171816807381,1019.4204013827115,0
2024-11-29 05:30:00,22.734239450230415,53.60900943748331,1012.149137342996,0
2024-11-29 05:40:00,24.37865661458475,65.70873710636485,1008.2256545920796,0
2024-11-29 05:50:00,24.59448854676025,49.35911583867232,1005.2962109584232,0
2024-11-29 06:00:00,21.62153506984574,44.20315795430457,1006.8935130769738,0
2024-11-29 06:10:00,26.107971542365753,55.15996388965135,1017.3219574870333,0
2024-11-29 06:20:00,25.144012556600945,51.801386125707786,1011.396877618466,0
2024-11-29 06:30:00,22.590543128778233,82.01906335266116,1009.9623954503965,0
2024-11-29 06:40:00,20.92483040710165,60.412059811519796,1009.4201638840802,0
2024-11-29 06:50:00,23.710190841837136,51.72527539825101,1013.4252293010009,0
2024-11-29 07:00:00,23.10811257227768,46.55110744650331,1011.8027245311721,0
2024-11-29 07:10:00,24.226280914106045,39.957692715449724,1011.6343392814038,0
2024-11-29 07:20:00,23.27376667768887,46.798247314100536,1019.7466196390537,0
2024-11-29 07:30:00,19.985086278509982,55.91953417407306,1020.6900814093082,0
2024-11-29 07:40:00,23.223306123397684,66.41862921275816,1004.9498916354551,0
2024-11-29 07:50:00,23.388761777863373,63.97351313910335,1014.6379636557148,0
2024-11-29 08:00:00,25.267322049548117,56.832758653171034,1009.1156895068931,0
2024-11-29 08:10:00,22.6036006507779,52.41465867438012,1011.7587444306945,0
2024-11-29 08:20:00,27.35734934674513,57.150498851297236,1014.5463919256334,0
2024-11-29 08:30:00,20.176718898696485,50.85089602012339,1011.9364004153454,0
2024-11-29 08:40:00,26.62233499560525,68.746911966111,1014.1522994031382,0
2024-11-29 08:50:00,23.55136205824379,53.48647854979936,1016.3648510301596,0
2024-11-29 09:00:00,25.71916974468711,54.30929713402619,1014.4728840027016,0
2024-11-29 09:10:00,24.159602968117465,37.27342059983465,1009.7658184791619,0
2024-11-29 09:20:00,26.279111072050938,53.43652122781789,1009.8540019651484,0
2024-11-29 09:30:00,23.225276070894378,61.69187310371953,1005.8014735169098,0
2024-11-29 09:40:00,21.802759149644377,46.45821938369164,1008.7303985123964,0
2024-11-29 09:50:00,26.841008574542126,48.994237324057494,1022.8103418094927,0
2024-11-29 10:00:00,23.773038708235717,61.34168814186932,1009.0399821295238,0
2024-11-29 10:10:00,24.44311694724842,43.186742211855574,1007.0331059377809,0
2024-11-29 10:20:00,26.46950382808959,63.46240806033535,1014.5996393092239,0
2024-11-29 10:30:00,21.93608951581113,50.742848878615185,1012.4481762035407,0
2024-11-29 10:40:00,25.190981795278514,51.89145423607037,1012.0220338157538,0
2024-11-29 10:50:00,22.820210487074217,46.00897275899525,1020.0452298320605,0
2024-11-29 11:00:00,23.735661288711256,58.024370083423065,1015.7456333777918,0
2024-11-29 11:10:00,24.144557930768578,74.67897588023504,1010.3500353414826,0
2024-11-29 11:20:00,20.999556277106127,61.25197791568505,1010.8776204120411,0
2024-11-29 11:30:00,22.44232591435913,48.085717904475715,1010.4870674304716,0
2024-11-29 11:40:00,26.70214578482628,64.08496468393182,1017.3736981079013,0
2024-11-29 11:50:00,25.772382377169592,52.466563632526004,1011.4592618527344,0
2024-11-29 12:00:00,23.87472084534553,65.99587985142047,1004.0342324877292,0
2024-11-29 12:10:00,24.486246917025785,61.4534112173149,1012.7584016063283,0
2024-11-29 12:20:00,23.411514988727085,31.454867476226134,1005.3148699943604,0
2024-11-29 12:30:00,26.713166771655963,46.96736293635978,1023.9211530087745,0
2024-11-29 12:40:00,23.599294844411673,62.55508178268312,1008.1716604307638,0
2024-11-29 12:50:00,24.463684184269695,56.21325817716014,1012.1906761732114,0
2024-11-29 13:00:00,26.29206028828413,46.8099524183372,1014.2910136735056,0
2024-11-29 13:10:00,22.445257030308188,49.9312838760495,1011.5567091966038,0
2024-11-29 13:20:00,27.117578368993787,39.750107039284956,1011.549847992669,0
2024-11-29 13:30:00,20.939077180513245,54.29301369978883,1015.1091364308044,0
2024-11-29 13:40:00,27.2592842622256,72.68551780812612,1020.6310797939814,0
2024-11-29 13:50:00,23.254648832096052,61.439467125858606,1016.8375454090865,0
2024-11-29 14:00:00,23.514602504349437,72.52333600950739,1020.3925693928677,0
2024-11-29 14:10:00,20.219979657634113,62.05917671831984,1007.7669044595325,0
2024-11-29 14:20:00,23.090410565244614,63.21983474682153,1014.5868131662768,0
2024-11-29 14:30:00,21.920386937946233,70.79262950196019,1013.7762302602914,0
2024-11-29 14:40:00,22.784707309253054,58.01810607473781,1014.7554564583837,0
2024-11-29 14:50:00,23.72537806842224,53.50218142794496,1019.8811598531779,0
2024-11-29 15:00:00,25.91558322894581,63.2612601329761,1011.8960542510397,0
2024-11-29 15:10:00,24.415206702801253,66.63072189697507,1010.9724831672296,0
2024-11-29 15:20:00,24.615353306802227,51.16028285830233,1015.6699039870933,0
2024-11-29 15:30:00,21.808961222308874,49.22744734127976,1004.1089863621708,0
2024-11-29 15:40:00,22.23849182079454,56.11084825944704,1011.8157397543891,0
2024-11-29 15:50:00,27.597450036702625,61.6519909354533,1012.3290115535727,0
2024-11-29 16:00:00,22.529597930473507,61.38472838929249,1008.3982069184653,0
2024-11-29 16:10:00,27.31241650411459,43.60665919849921,1018.2852950567828,0
2024-11-29 16:20:00,23.513877602238267,70.29284853650657,1007.6887984132836,0
2024-11-29 16:30:00,34.048312663296805,49.87068056482519,1012.320634758181,1
2024-11-29 16:40:00,26.14073032045986,52.879480024891365,1014.4657861266148,0
2024-11-29 16:50:00,26.54378484387731,47.77876512009744,1019.7672578073806,0
2024-11-29 17:00:00,23.778374879441824,76.5866306874967,1012.9472178255958,0
2024-11-29 17:10:00,23.223513892956923,56.93656536230374,1017.680767970641,0
2024-11-29 17:20:00,23.888159102955573,48.19219935454748,1016.5029769863856,0
2024-11-29 17:30:00,24.675915056464238,61.91138839969957,1013.6172877808457,0
2024-11-29 17:40:00,25.78260737373951,61.15308623448026,1007.5524329586327,0
2024-11-29 17:50:00,24.008459717988302,53.49818381136093,1005.8270956954783,0
2024-11-29 18:00:00,25.23777259604631,61.72485370226707,1013.532527007096,0
2024-11-29 18:10:00,27.27671946454188,48.39766431335308,1010.286515630487,1
2024-11-29 18:20:00,24.76261922452957,51.05665380040598,1010.286515630487,1
2024-11-29 18:30:00,24.623305712009557,38.91826676347149,1010.286515630487,0
2024-11-29 18:40:00,20.962178349819865,44.408391326243496,1010.286515630487,0
2024-11-29 18:50:00,18.738539726341873,69.46104644536548,1010.286515630487,0
2024-11-29 19:00:00,24.776751458460335,68.13142902177852,1010.286515630487,0
2024-11-29 19:10:00,23.810351537438255,55.5263091891917,1010.286515630487,0
2024-11-29 19:20:00,22.970434650170517,68.3034515775187,1009.2076803853457,0
2024-11-29 19:30:00,24.487060408372688,53.71940410713356,1008.1029213089242,0
2024-11-29 19:40:00,23.879192541606184,53.05271757945674,1012.3074948903002,0
2024-11-29 19:50:00,26.255560501267798,55.45208518772445,1018.8509616703528,0
2024-11-29 20:00:00,24.172221736517955,54.00062723741148,1012.9747956488824,0
2024-11-29 20:10:00,22.506153429859665,53.27842941151856,1010.7839065378615,1
2024-11-29 20:20:00,25.980332477918576,67.14718485719642,1005.3719253497737,0
2024-11-29 20:30:00,23.565737850107595,62.20108523164963,1015.7606229236492,0
2024-11-29 20:40:00,25.053073367344613,69.69985411547043,1009.0979769703569,0
2024-11-29 20:50:00,23.045178587614398,75.25104420221865,1013.5875880957905,0
2024-11-29 21:00:00,22.700346229005127,73.10548636523787,1011.2289069204168,0
2024-11-29 21:10:00,24.168336460371393,65.23782939273408,1017.1908860979972,0
2024-11-29 21:20:00,24.02565728708737,65.17707288828768,1012.2138180398572,0
2024-11-29 21:30:00,24.959654070733666,80.19024507845845,1012.7053682273847,0
2024-11-29 21:40:00,23.462708493380514,80.62994956140052,1015.4287357372773,0
2024-11-29 21:50:00,20.327280432459204,85.69913143136097,1023.5347009113159,0
2024-11-29 22:00:00,23.13445223282322,54.87156768601131,1017.4422346517928,0
2024-11-29 22:10:00,25.58763693428763,75.66858928133254,1012.556969468257,0
2024-11-29 22:20:00,23.405247841513788,44.358189954869296,1013.0159899530764,0
2024-11-29 22:30:00,23.507233194970905,39.080429841431,1010.3757026983778,0
2024-11-29 22:40:00,25.972753011811875,57.65901466815688,1008.2500214824015,0
2024-11-29 22:50:00,22.576053545482154,51.988619563294435,1010.2362460646684,0
2024-11-29 23:00:00,20.9143935635142,57.52854295783961,1009.1392551814403,0
2024-11-29 23:10:00,23.678737760949012,59.67106417827201,1016.2668419189795,0
2024-11-29 23:20:00,23.031652097502526,65.27283756143117,1007.6440257106551,0
2024-11-29 23:30:00,22.067507360493494,42.94219343692849,1019.6660528069002,0
2024-11-29 23:40:00,23.649243088202617,50.5462568171427,1016.7602319180942,0
2024-11-29 23:50:00,24.98301129449357,58.43009007104611,1013.1025086468384,0
2024-11-30 00:00:00,23.981422876864368,61.163708765497816,1013.0015930573253,0
